TARGET_B,zipconvert_2,zipconvert_3,zipconvert_4,zipconvert_5,homeowner dummy,NUMCHLD,INCOME,gender dummy,WEALTH,HV,Icmed,Icavg,IC15,NUMPROM,RAMNTALL,MAXRAMNT,LASTGIFT,totalmonths,TIMELAG,AVGGIFT
1,0,0,1,0,1,1,4,0,5,505,333,388,16,51,63,15,10,37,8,9
1,1,0,0,0,1,1,1,1,5,428,203,271,39,73,161,6,3,32,7,3.659090909
1,1,0,0,0,0,1,5,0,8,1318,399,458,8,25,40,10,10,32,2,8
0,0,0,0,1,0,1,2,0,8,1052,337,402,5,27,50,20,20,37,7,16.66666667
0,1,0,0,0,1,1,4,0,9,2246,542,640,1,76,262,34,32,33,3,14.55555556
1,0,0,0,1,1,1,5,1,8,860,321,392,9,38,53,20,5,18,0,8.833333333
1,0,0,1,0,1,1,6,1,9,3958,761,862,0,53,119,20,20,31,3,11.9
1,0,1,0,0,1,1,4,1,8,411,236,273,21,15,15,15,15,35,5,15
1,0,1,0,0,1,1,4,0,2,610,281,328,16,50,161,25,10,36,5,10.0625
0,1,0,0,0,1,1,1,1,8,826,415,514,5,37,32,15,15,37,6,8
1,1,0,0,0,1,1,4,1,4,780,321,354,14,48,175,20,15,37,9,13.46153846
1,0,0,0,1,0,1,4,1,4,3321,434,536,10,66,85,20,20,37,10,9.444444444
1,0,0,0,1,1,1,3,0,8,1868,324,380,12,28,31,10,10,32,3,5.166666667
0,0,0,1,0,0,1,4,1,8,457,302,329,19,85,79,10,10,30,12,3.590909091
0,0,0,0,1,1,1,5,0,8,1604,438,431,12,26,35,10,10,31,6,8.75
0,0,0,0,1,1,1,4,1,8,842,464,556,3,50,107,10,10,31,4,5.944444444
1,1,0,0,0,1,1,6,1,8,2085,755,797,3,50,85,5,5,32,6,4.722222222
0,1,0,0,0,1,1,4,0,8,0,0,0,0,27,40,10,10,31,6,10
0,0,1,0,0,1,1,1,0,8,299,247,315,25,22,47,20,13,30,4,11.75
1,0,0,0,1,1,1,1,1,0,998,273,354,19,72,90,10,5,31,12,6
0,0,0,1,0,0,1,4,0,5,620,388,405,16,52,107,15,11,35,6,9.727272727
1,0,0,0,1,0,1,5,0,8,4347,410,454,8,33,42,10,10,31,5,6
1,0,0,0,1,1,1,4,1,1,835,310,364,22,70,126,6,6,34,8,4.344827586
1,0,0,0,1,1,1,4,0,5,1772,418,492,3,99,288,21,15,17,5,13.71428571
0,0,0,0,1,1,1,4,1,5,971,347,375,12,50,84,10,7,30,6,6.461538462
1,0,0,1,0,1,1,2,0,3,596,279,353,21,68,94,7,5,29,2,4.7
1,1,0,0,0,1,1,7,0,8,1046,521,576,1,30,66,12,12,28,4,11
0,0,0,0,1,0,1,6,0,8,2483,627,668,2,49,98,50,50,30,4,16.33333333
0,1,0,0,0,0,1,3,0,8,660,308,329,10,53,48,14,7,33,0,6.857142857
0,1,0,0,0,1,1,2,1,8,982,549,533,10,66,165,14,14,31,7,10.3125
0,1,0,0,0,0,1,1,0,9,1516,597,668,4,61,128,40,40,29,14,21.33333333
1,0,0,1,0,1,1,5,1,8,1080,521,529,8,21,20,15,15,32,5,10
0,0,0,0,1,0,1,5,1,8,2124,526,554,2,28,49,20,10,31,2,8.166666667
0,0,0,0,1,0,1,2,1,8,1631,331,400,14,24,31,10,10,28,6,7.75
0,0,0,0,1,1,1,5,1,8,1473,332,370,14,32,70,15,15,28,2,10
1,0,0,1,0,1,1,4,1,3,806,347,354,15,76,119,15,10,31,10,10.81818182
0,0,1,0,0,1,1,4,1,8,306,181,204,38,21,45,35,35,29,7,22.5
1,0,1,0,0,0,1,2,0,5,698,335,348,14,59,276,15,13,33,10,11.5
0,0,0,0,1,1,1,4,1,8,910,245,370,28,72,182,15,10,33,4,9.1
0,0,0,0,1,1,1,6,1,8,2635,516,535,4,19,30,30,30,37,5,30
0,0,1,0,0,0,1,5,0,8,625,368,489,6,34,30,10,7,32,14,6
1,1,0,0,0,1,1,4,0,8,1115,349,465,17,21,30,20,20,33,15,15
1,1,0,0,0,1,1,2,1,7,645,377,362,12,82,120,10,10,17,6,4.285714286
1,0,0,0,1,1,1,3,0,8,869,304,410,10,26,35,10,10,32,6,8.75
0,0,1,0,0,1,1,4,0,8,512,289,271,25,34,114,15,13,32,3,11.4
1,0,0,0,1,0,1,5,0,8,2194,464,506,6,43,119,30,22,23,1,10.81818182
0,0,0,0,1,1,1,1,0,4,1723,366,427,3,67,370,20,13,36,2,12.33333333
1,0,0,1,0,1,1,3,0,9,840,522,561,9,80,204,9,7,30,3,6.181818182
1,0,0,0,1,0,1,7,0,8,2827,616,620,0,40,61,19,19,30,11,12.2
1,0,1,0,0,1,1,4,1,8,711,465,495,4,48,46,10,10,31,10,5.111111111
1,0,0,0,1,1,1,4,1,8,1969,531,563,11,16,20,20,20,36,5,20
0,0,0,0,1,0,1,1,1,0,2582,148,207,52,52,150,50,50,37,3,30
0,0,1,0,0,1,1,6,1,5,953,383,388,20,49,64,10,10,33,4,6.4
0,0,1,0,0,0,2,2,1,8,623,379,388,6,43,37,9,5,29,3,3.7
0,0,1,0,0,1,1,7,0,8,504,311,315,15,23,20,15,15,36,7,10
0,0,1,0,0,0,1,1,1,8,332,399,403,4,24,29,11,8,29,6,7.25
0,1,0,0,0,1,1,4,0,8,561,268,292,24,25,44,10,10,32,2,8.8
1,0,0,1,0,1,1,4,0,8,869,541,602,0,69,114,7,6,35,9,5.181818182
1,0,0,0,1,1,1,4,1,8,2505,502,580,3,29,50,20,15,20,3,12.5
0,0,0,0,1,1,1,5,1,7,535,363,386,0,53,115,35,35,33,13,23
1,0,0,0,1,0,1,1,1,8,1596,171,218,40,47,91,6,5,17,1,5.055555556
0,0,1,0,0,1,1,4,0,5,627,433,407,4,56,115,12,4,34,10,6.764705882
1,0,1,0,0,0,1,1,0,8,409,294,337,18,55,67,6,6,30,6,3.722222222
1,0,0,0,1,1,1,4,0,7,1749,624,685,6,59,128,7,5,28,3,5.12
1,0,1,0,0,1,1,4,0,4,679,432,448,3,77,140.5,10,10,37,8,5.403846154
1,0,0,0,1,1,1,7,0,8,1324,568,599,4,36,68,10,5,31,13,5.666666667
0,0,1,0,0,1,1,4,1,5,466,356,375,8,75,159,25,5,28,13,4.076923077
1,1,0,0,0,1,1,6,0,9,3538,759,817,4,135,555,15,10,18,6,6.098901099
1,0,0,0,1,0,1,3,0,8,1692,388,440,8,57,104,12,12,30,5,8.666666667
0,1,0,0,0,0,2,4,0,3,931,435,477,5,43,109,10,9,31,8,6.411764706
0,0,0,0,1,1,1,4,1,8,5177,845,892,6,24,26,16,16,36,5,13
1,0,0,0,1,1,1,4,0,8,2962,613,709,0,64,111,15,15,28,13,10.09090909
0,1,0,0,0,0,1,4,1,8,1172,480,534,7,31,73,15,15,30,6,10.42857143
0,1,0,0,0,1,1,4,1,3,489,290,314,20,68,123,15,5,28,7,6.473684211
1,0,1,0,0,0,1,3,0,7,1122,441,545,12,83,275,17,15,37,6,10.57692308
0,0,0,1,0,1,1,5,0,6,791,360,393,22,63,184,15,10,30,9,11.5
0,0,1,0,0,1,1,4,0,3,379,220,255,24,44,126,10,10,37,6,8.4
0,0,1,0,0,0,1,7,1,5,708,460,567,3,60,132,12,10,34,3,7.764705882
1,1,0,0,0,1,1,3,0,4,543,282,335,14,77,213,7,5,32,2,5.071428571
1,0,0,1,0,1,1,6,0,8,600,277,307,27,21,34,12,12,30,5,11.33333333
0,0,0,0,1,1,1,7,1,8,2015,783,787,7,21,26,16,16,37,5,13
0,0,1,0,0,1,1,4,1,2,345,257,271,30,45,80,10,5,29,11,8.888888889
0,0,1,0,0,1,1,4,1,5,598,363,420,10,46,122,25,15,30,1,15.25
0,0,0,0,1,1,1,4,0,1,865,262,328,21,53,120,20,16,37,4,9.230769231
0,0,0,0,1,0,1,3,0,8,661,291,334,19,15,20,20,20,37,5,20
0,0,0,0,1,1,1,4,1,7,1113,483,505,5,59,180,12,10,36,10,8.571428571
0,0,0,0,1,1,3,6,0,6,2932,612,656,1,38,73,17,15,35,4,14.6
0,0,0,0,1,1,1,4,0,8,1086,382,440,12,22,35,15,10,37,4,11.66666667
1,0,1,0,0,1,1,5,1,8,687,365,463,5,32,44,6,6,31,5,4.4
0,1,0,0,0,1,1,5,0,8,982,399,446,9,29,50,15,10,32,4,10
0,0,0,0,1,1,1,3,0,4,1157,405,422,10,35,52,13,12,31,5,8.666666667
1,0,0,0,1,1,1,6,0,8,1464,308,380,14,28,51,10,10,28,2,7.285714286
1,1,0,0,0,1,1,2,1,2,417,251,240,29,43,85,10,5,31,6,6.538461539
1,0,0,0,1,1,1,6,0,5,1760,388,485,3,68,142,20,20,37,7,11.83333333
0,0,0,0,1,1,1,4,0,8,3002,552,627,3,68,118,10,5,28,4,6.210526316
0,0,0,0,1,0,1,1,1,8,652,266,377,16,24,20,15,15,37,11,10
1,1,0,0,0,1,1,6,1,8,843,314,328,3,21,28,11,7,29,1,7
0,0,0,0,1,1,2,5,1,6,2016,566,632,0,64,180,20,15,35,2,9
0,0,1,0,0,1,1,4,1,9,933,555,597,2,42,70,15,10,33,10,14
0,0,0,1,0,1,1,7,1,8,1275,738,799,2,21,25,20,20,36,5,12.5
0,0,0,0,1,1,1,4,0,8,771,344,339,16,25,96,13,6,28,1,9.6
1,0,0,0,1,1,2,5,1,9,1014,609,671,4,51,282,25,25,30,6,21.69230769
0,0,0,1,0,1,1,4,0,8,1143,446,549,5,17,25,25,25,37,5,25
0,0,0,0,1,1,1,4,0,8,1479,436,463,11,23,27,15,7,34,7,9
0,0,1,0,0,1,1,5,0,9,1445,686,703,3,95,333,25,20,25,2,15.13636364
0,0,0,1,0,1,1,5,1,8,709,512,526,4,68,170,20,11,37,6,9.444444444
1,0,0,0,1,1,1,2,1,1,1351,426,429,12,71,151,25,5,19,8,6.04
1,0,0,0,1,1,1,4,1,6,769,426,406,9,51,138,16,14,37,9,9.2
1,1,0,0,0,1,1,5,1,7,888,363,383,18,78,183,10,10,28,9,7.038461539
1,0,0,0,1,1,1,4,1,8,852,372,454,13,26,32,10,10,32,2,6.4
0,0,0,0,1,1,1,3,1,8,1488,401,476,11,24,46,20,16,32,5,15.33333333
1,1,0,0,0,0,1,1,0,3,505,264,299,25,73,87,6,5,31,5,3.782608696
1,0,0,0,1,1,1,1,1,0,707,168,279,48,91,511,22,13,31,6,9.462962963
0,0,0,0,1,1,1,4,0,8,1325,290,379,21,49,87,12,10,31,6,9.666666667
1,0,1,0,0,1,1,4,0,8,572,411,406,5,23,49,17,17,29,6,16.33333333
0,0,1,0,0,0,1,5,0,9,962,421,456,14,43,77,20,20,36,7,12.83333333
1,1,0,0,0,1,1,2,0,6,759,371,408,6,58,112,17,11,31,12,7.466666667
1,0,1,0,0,1,1,4,1,8,314,250,279,18,54,54,6,6,28,12,3.857142857
0,1,0,0,0,1,1,2,0,2,317,228,238,29,38,65,12,12,29,1,8.125
1,0,0,1,0,1,1,7,0,8,394,260,297,23,27,29,10,6,31,4,5.8
1,0,0,1,0,1,1,4,0,8,1138,575,577,5,24,35,11,10,28,6,8.75
0,0,0,0,1,1,1,4,0,8,754,243,345,30,18,25,25,25,36,5,25
1,1,0,0,0,1,1,7,0,9,948,565,595,5,71,222,20,15,30,4,11.1
1,1,0,0,0,0,1,4,1,8,583,284,326,21,24,31,7,5,29,4,5.166666667
1,1,0,0,0,1,1,5,0,8,792,354,361,14,53,102,24,24,36,4,11.33333333
1,0,0,0,1,1,1,4,0,8,639,261,280,25,58,95,8,7,30,6,6.333333333
0,0,0,0,1,1,1,4,1,4,868,491,585,6,66,125,15,12,37,3,9.615384615
0,0,0,0,1,0,1,2,0,8,632,220,241,29,15,20,20,20,37,5,20
0,0,0,0,1,1,1,5,1,7,2557,520,516,9,77,346,35,25,31,12,19.22222222
1,1,0,0,0,1,1,3,1,8,2173,505,568,8,53,220,30,15,28,5,20
1,0,0,0,1,1,1,4,1,8,1212,216,261,17,21,70,50,50,32,5,35
1,0,0,1,0,0,1,4,0,8,508,239,292,28,29,29,6,5,29,4,4.833333333
1,0,0,1,0,1,1,1,1,1,353,255,286,25,53,105,15,15,35,5,8.076923077
1,0,0,0,1,1,1,5,1,5,2241,428,470,15,95,150,20,20,22,12,13.63636364
1,0,0,1,0,1,1,4,1,6,277,147,160,51,84,435,17,11,30,9,9.0625
0,0,0,0,1,1,1,7,1,8,5089,744,809,3,36,68,16,14,32,4,13.6
1,1,0,0,0,1,1,4,1,2,317,228,238,29,40,112,20,10,29,8,8
1,0,0,0,1,1,1,4,1,4,1701,377,440,8,38,108,15,10,29,3,6.352941177
0,0,0,1,0,1,1,5,1,8,1219,544,540,4,47,82,27,15,36,5,13.66666667
1,0,0,1,0,1,1,6,0,8,1195,619,639,3,19,30,7,7,31,2,6
0,0,0,0,1,1,1,4,1,8,2964,467,522,9,59,143,21,21,36,4,11
0,1,0,0,0,1,1,4,1,8,1270,247,325,26,59,54,5,3,30,16,3.176470588
1,1,0,0,0,1,2,7,1,4,583,284,326,21,50,94,15,15,30,12,7.833333333
1,0,0,0,1,1,1,6,1,8,2658,621,665,3,76,414,20,15,37,5,11.18918919
0,0,0,0,1,1,1,5,1,8,478,270,317,23,26,65,25,25,31,2,13
1,1,0,0,0,0,1,7,0,8,1628,695,774,2,15,20,20,20,37,5,20
0,0,1,0,0,1,1,4,1,8,569,401,419,5,19,20,15,15,37,5,10
0,0,0,1,0,0,1,1,1,8,370,332,293,37,68,76,6,3,29,19,3.619047619
1,1,0,0,0,1,1,4,1,9,4330,1500,1236,0,67,76,7,3,29,8,4.222222222
0,0,0,1,0,1,1,4,0,8,781,372,466,13,37,122,20,6,28,3,12.2
0,0,0,0,1,1,1,4,0,6,1011,250,314,18,49,90,15,15,36,3,11.25
1,0,0,0,1,1,1,4,1,8,2017,358,359,15,23,40,20,20,36,6,20
1,0,0,0,1,1,1,2,0,8,1024,601,635,2,27,36,11,10,29,5,9
0,0,0,1,0,1,1,2,1,4,501,321,366,16,84,352,20,20,30,2,8.8
0,0,0,1,0,1,1,5,1,8,796,318,382,13,16,15,15,15,36,5,15
1,0,0,1,0,1,1,4,1,8,367,207,232,24,16,15,15,15,37,5,15
0,0,0,1,0,1,1,1,1,8,404,313,302,28,24,28,5,3,29,2,3.5
0,0,1,0,0,0,1,3,0,2,278,161,201,49,32,40,20,20,36,14,13.33333333
1,0,0,0,1,1,1,2,1,8,913,488,495,3,65,76,10,5,28,11,5.846153846
1,0,0,0,1,1,1,5,1,8,1831,244,334,19,24,45,15,15,35,6,15
1,0,0,0,1,1,1,2,0,4,639,308,313,6,53,107,12,12,31,5,8.916666667
1,0,0,0,1,1,1,6,1,7,2160,508,519,2,70,119,20,15,32,2,10.81818182
1,0,0,0,1,1,1,4,0,3,1766,333,416,12,74,183,26,26,32,4,14.07692308
1,1,0,0,0,1,1,3,1,0,350,195,227,41,59,86,11,11,29,6,7.818181818
0,0,0,0,1,0,1,2,0,8,582,301,313,19,17,25,25,25,37,5,25
1,0,0,0,1,1,1,5,1,8,928,429,449,7,24,45,25,25,33,9,22.5
0,0,0,1,0,1,1,7,1,9,2013,879,938,0,70,206,20,20,31,14,13.73333333
1,0,0,0,1,1,1,7,0,8,2171,606,654,9,46,149,25,16,29,0,11.46153846
0,0,1,0,0,1,1,4,1,0,394,172,211,46,93,237,15,10,18,3,9.875
1,0,0,0,1,0,1,3,1,8,1194,360,400,12,32,30,10,8,32,5,5
1,1,0,0,0,1,1,2,1,2,657,236,251,22,68,101,10,10,31,8,7.214285714
0,0,0,0,1,1,1,4,1,2,1240,501,582,7,116,236,12,3,32,3,7.866666667
1,0,0,0,1,0,1,1,0,8,553,219,262,30,56,67,12,12,31,5,7.444444444
0,1,0,0,0,1,1,4,1,8,582,179,238,39,50,33,5,2,35,12,3.3
1,0,0,1,0,1,1,5,0,8,1015,385,416,6,32,55,10,10,30,4,7.857142857
0,1,0,0,0,1,1,3,0,1,413,279,304,24,38,48,6,4,29,3,4.8
0,0,1,0,0,0,1,6,1,8,971,481,538,6,25,52,16,16,32,2,13
0,0,0,0,1,1,1,4,1,8,426,245,272,32,24,59,22,22,30,1,11.8
1,0,0,0,1,1,1,4,1,7,3991,605,630,2,53,64,10,10,30,9,4.571428571
1,0,0,0,1,1,1,1,1,0,1243,148,223,50,66,85,5,3,26,12,3.035714286
0,0,1,0,0,1,1,4,0,8,773,512,519,3,29,33,7,7,31,1,5.5
0,0,0,1,0,1,1,5,1,8,681,365,389,7,72,195,11,10,29,9,7.222222222
1,0,0,0,1,1,1,5,1,8,1611,318,351,7,31,29,10,5,28,12,5.8
1,0,0,0,1,1,1,7,1,9,5843,1500,1133,9,129,333,25,16,29,12,12.80769231
0,0,0,1,0,0,3,4,1,8,343,281,324,17,21,25,20,20,36,6,12.5
1,0,0,1,0,1,1,3,1,8,277,194,228,33,31,45,25,5,19,5,15
0,0,0,0,1,1,1,6,0,7,2544,541,604,7,69,131,20,20,33,2,11.90909091
0,1,0,0,0,1,1,5,1,8,500,229,279,29,35,49,15,13,30,14,9.8
0,0,1,0,0,1,1,4,1,0,1194,408,525,16,68,110,20,20,36,23,13.75
1,1,0,0,0,1,1,5,0,8,728,429,457,4,29,75,15,10,31,2,10.71428571
1,0,0,0,1,1,1,4,0,6,1129,417,438,5,69,241,25,25,30,3,15.0625
1,1,0,0,0,1,1,4,1,8,732,291,335,19,25,22,10,10,33,6,5.5
0,0,0,0,1,1,1,4,1,8,2173,481,573,7,30,53,16,5,30,3,6.625
0,0,0,0,1,0,1,1,1,8,1458,504,581,2,24,35,11,5,31,1,7
0,0,0,0,1,1,1,4,1,8,928,371,458,10,77,275,30,25,35,7,9.482758621
1,1,0,0,0,1,1,5,0,8,2246,542,640,1,45,42,6,6,31,14,3.818181818
0,0,0,0,1,1,1,4,0,4,1028,487,539,2,62,87,15,15,36,5,8.7
0,0,0,1,0,1,1,4,1,1,342,190,230,39,83,384,12,10,30,1,7.111111111
1,0,0,1,0,1,1,6,1,8,1215,488,507,8,17,25,25,25,37,5,25
1,0,0,0,1,1,1,4,0,8,2215,472,520,7,50,54,6,6,30,7,4.5
1,1,0,0,0,1,1,3,0,8,729,211,254,25,81,205,8,4,28,6,5
0,1,0,0,0,1,1,5,1,8,573,278,319,22,20,32,12,12,31,3,10.66666667
0,1,0,0,0,1,1,4,0,5,578,309,316,24,83,288,25,25,35,9,19.2
1,0,0,0,1,1,1,4,1,8,2228,379,397,14,29,35,10,8,28,7,7
1,0,1,0,0,1,1,4,1,8,881,508,514,15,29,36,14,9,35,14,7.2
1,0,0,0,1,1,1,4,1,8,717,321,362,9,19,23,11,7,28,6,7.666666667
0,1,0,0,0,1,1,4,1,4,592,243,299,19,57,186,50,25,31,4,18.6
0,0,0,0,1,1,1,5,0,4,644,331,364,17,93,289,20,20,34,2,16.05555556
1,1,0,0,0,1,1,2,1,5,954,332,386,11,53,122,10,5,29,2,6.1
0,1,0,0,0,1,1,4,1,3,462,252,296,23,69,235,40,20,36,11,23.5
1,1,0,0,0,1,1,4,0,8,1707,469,523,5,83,214,17,17,34,3,10.7
0,0,1,0,0,1,1,1,0,1,414,218,258,18,46,143,20,20,34,6,14.3
0,0,0,1,0,1,1,2,0,8,292,260,307,10,40,48,6,6,34,3,4.363636364
1,0,0,0,1,1,1,6,1,9,5359,1109,1051,1,54,246,100,50,37,10,30.75
1,0,0,1,0,1,4,5,0,8,1050,538,618,2,21,30,20,20,34,2,15
0,0,0,1,0,1,1,1,1,9,1333,740,767,0,62,218,20,17,29,8,12.82352941
0,1,0,0,0,1,1,4,1,8,1169,443,505,10,54,98,10,10,28,2,7
0,0,1,0,0,1,1,3,1,9,2923,1167,1096,1,71,159,13,5,28,3,6.625
1,0,0,1,0,1,1,6,0,9,4967,1500,1217,2,47,89,27,27,37,26,22.25
1,0,1,0,0,1,2,5,0,8,605,466,473,6,44,101,6,6,31,3,4.590909091
1,1,0,0,0,0,1,1,0,8,606,224,238,32,21,30,10,10,31,5,10
0,0,0,1,0,0,1,2,0,8,0,0,0,0,24,40,20,20,31,5,13.33333333
0,0,0,0,1,1,1,7,1,8,1295,531,614,2,26,51,20,20,31,1,10.2
0,0,0,0,1,1,1,3,0,8,994,207,270,28,23,32,11,10,28,2,8
0,0,1,0,0,1,1,2,0,8,729,403,440,11,80,296,21,20,37,7,12.86956522
1,0,0,0,1,0,1,2,0,4,651,330,361,11,70,92,5,5,28,8,4.842105263
0,1,0,0,0,1,1,5,0,5,570,309,345,16,50,94,15,15,29,1,9.4
0,0,0,0,1,0,1,5,0,7,2756,488,521,12,49,157,25,21,31,11,17.44444444
0,0,1,0,0,0,1,2,1,8,563,331,374,13,37,68,10,10,28,14,8.5
0,0,0,1,0,1,1,1,0,5,512,363,385,10,78,164,15,10,30,0,9.647058824
0,1,0,0,0,0,1,2,1,6,704,196,294,37,103,431,32,25,17,7,19.59090909
0,0,0,0,1,1,1,4,0,8,1239,348,452,6,18,25,25,25,37,5,25
1,1,0,0,0,1,1,4,1,8,245,91,130,64,34,50,10,10,35,4,6.25
0,0,0,1,0,0,1,2,0,7,3002,824,884,2,30,31,16,16,37,11,10.33333333
0,0,0,0,1,0,1,1,1,8,3131,595,649,6,72,137,6,3,30,6,2.914893617
0,0,1,0,0,1,1,4,1,8,414,211,257,34,33,47,6,4,37,6,4.272727273
0,0,0,0,1,1,2,3,1,8,566,344,368,9,34,51,20,8,37,8,10.2
1,0,0,1,0,1,1,5,1,4,420,141,253,54,75,172,20,20,32,12,10.75
1,0,0,0,1,1,1,4,1,8,1955,466,543,5,37,48,10,10,32,10,8
1,0,0,0,1,0,1,1,1,1,867,259,321,37,38,49,10,10,28,8,7
0,0,1,0,0,0,1,1,0,8,661,280,366,24,42,50,7,5,32,16,5
0,0,0,1,0,1,1,4,1,8,416,288,326,17,26,83,27,25,31,4,20.75
0,0,0,0,1,1,1,4,0,8,2232,517,532,6,11,15,15,15,34,5,15
1,0,0,1,0,1,1,6,1,8,2431,646,725,3,24,52,12,8,30,5,7.428571429
0,1,0,0,0,0,1,4,1,8,1159,494,542,8,24,32,7,5,29,2,5.333333333
0,0,1,0,0,1,1,5,1,6,678,366,451,12,70,97,10,3,37,7,4.619047619
1,0,0,1,0,0,1,1,1,2,247,241,251,31,67,90.5,5,5,30,3,2.445945946
0,0,1,0,0,1,1,4,1,8,1113,590,643,1,23,21,16,16,37,8,10.5
1,0,1,0,0,1,1,4,1,1,427,244,276,23,74,120,10,10,29,5,6
1,0,1,0,0,0,1,2,0,9,740,349,397,11,119,247,20,13,19,9,11.22727273
0,0,0,0,1,1,1,4,0,8,1165,475,515,3,36,44,10,5,35,9,5.5
1,0,0,0,1,1,1,2,1,2,875,224,271,28,78,328,15,11,17,1,8.864864865
0,0,0,1,0,0,1,1,1,8,454,195,251,40,53,60,20,0,26,1,10
0,1,0,0,0,1,1,4,1,8,409,273,298,20,39,70,10,10,30,7,7.777777778
0,0,0,0,1,1,1,2,0,1,2038,254,293,12,53,222,18,10,36,1,11.68421053
0,0,1,0,0,1,1,2,1,8,326,221,257,24,23,40,20,20,32,6,13.33333333
1,0,0,0,1,1,1,6,0,8,5945,1500,1228,2,23,45,25,25,33,4,22.5
0,0,1,0,0,1,1,2,0,8,1012,423,436,11,50,60,6,5,29,2,5
0,1,0,0,0,0,2,2,0,8,1405,288,296,36,31,60,20,20,29,7,12
1,0,0,1,0,1,1,4,0,8,382,246,300,27,41,57,10,10,32,5,8.142857143
0,1,0,0,0,0,1,3,0,8,1452,315,387,12,21,50,50,50,37,5,50
0,0,0,1,0,1,1,4,0,4,660,411,438,6,43,66,25,25,37,15,11
0,0,0,0,1,0,1,5,1,8,2790,699,708,2,17,25,25,25,37,5,25
0,0,0,0,1,1,1,5,0,7,1388,438,444,11,98,250,25,25,19,2,13.15789474
1,0,0,0,1,1,1,4,0,1,1100,357,382,14,55,93,12,12,32,6,8.454545455
0,0,1,0,0,0,1,2,0,5,483,289,326,15,34,48,15,15,37,1,12
1,1,0,0,0,1,1,3,0,5,490,288,307,16,46,104,10,5,29,5,6.5
0,1,0,0,0,1,1,2,0,8,707,235,292,13,21,25,15,10,33,4,12.5
0,0,1,0,0,1,1,2,1,4,377,351,359,14,62,119,16,14,28,4,9.916666667
0,1,0,0,0,0,1,4,1,8,669,350,364,13,49,90,10,9,34,4,7.5
0,0,1,0,0,1,1,2,1,5,527,307,340,11,52,109,15,13,28,8,9.083333333
1,0,0,0,1,1,1,6,1,8,2090,398,426,14,33,46,10,5,30,3,4.6
1,0,0,0,1,1,1,4,0,8,1835,465,493,10,27,36,7,4,31,0,5.142857143
1,1,0,0,0,1,1,1,0,1,476,227,272,30,54,90,15,15,35,2,12.85714286
0,1,0,0,0,0,1,4,0,8,1016,415,448,9,27,55,20,15,30,5,13.75
0,0,0,0,1,1,1,6,0,9,2489,875,954,0,33,90,25,25,28,11,18
0,0,1,0,0,1,1,4,0,8,762,381,421,9,21,26,16,16,32,5,13
1,0,1,0,0,0,1,4,0,8,594,322,378,20,38,74,10,10,33,4,6.727272727
1,0,0,0,1,1,1,2,1,7,2615,502,551,11,54,66,6,5,31,5,4.714285714
1,1,0,0,0,1,1,4,0,8,782,385,376,0,68,85,10,10,31,5,4.722222222
0,0,0,0,1,1,1,4,1,1,522,220,285,21,57,107,36,36,37,12,17.83333333
1,0,0,0,1,1,1,3,1,8,1535,346,414,13,37,94,15,13,29,1,10.44444444
1,0,0,1,0,1,1,3,1,8,834,393,441,5,42,40,10,3,30,5,4
1,0,0,0,1,1,1,5,0,9,1425,545,628,4,80,234,30,25,31,7,14.625
1,0,1,0,0,1,1,2,1,8,1551,357,404,3,28,34,6,5,28,3,4.857142857
1,0,0,0,1,1,1,4,1,6,1528,485,537,4,49,55,5,5,28,8,5
1,0,0,0,1,1,1,5,1,2,1224,299,324,16,39,129,13,13,30,9,9.923076923
1,0,0,1,0,1,1,3,1,8,541,273,326,20,22,24,10,9,29,4,8
1,0,1,0,0,1,1,4,1,9,1049,823,793,15,32,81,12,10,31,8,5.785714286
0,0,0,1,0,0,1,4,0,4,562,311,375,19,62,160,19,15,34,13,12.30769231
0,1,0,0,0,1,1,4,1,2,601,323,329,10,38,310,20,20,31,2,19.375
0,0,1,0,0,1,1,2,1,8,534,314,379,11,53,136,9,6,30,3,5.037037037
1,0,0,0,1,1,1,4,1,8,5212,931,931,2,19,25,25,25,37,5,25
0,1,0,0,0,0,1,2,1,8,905,386,454,6,67,95,21,21,37,9,7.916666667
1,0,0,1,0,0,1,5,1,8,2109,540,896,0,34,65,13,10,29,8,8.125
0,0,0,1,0,1,3,4,1,5,595,288,332,27,57,158,15,10,30,4,7.9
0,1,0,0,0,1,1,4,0,8,1255,610,603,0,23,32,10,10,28,5,8
1,1,0,0,0,1,1,4,0,8,977,464,486,5,64,101,7,5,31,4,4.590909091
0,1,0,0,0,0,1,1,1,8,552,198,247,38,54,95,12,11,29,3,9.5
0,0,0,1,0,0,1,1,0,8,643,256,279,21,30,51,16,4,29,10,10.2
1,0,0,1,0,1,1,1,1,1,307,163,185,44,73,150,7,5,29,7,4.838709677
0,0,0,0,1,1,1,5,1,3,394,230,274,34,70,111,14,10,34,13,8.538461539
1,0,0,0,1,0,1,4,1,8,1326,550,603,4,28,49,7,5,32,2,5.444444444
0,0,1,0,0,1,1,6,1,2,621,501,565,0,85,111,10,10,36,4,4.269230769
0,0,0,0,1,1,1,7,0,9,1879,576,633,2,92,570,50,50,19,9,38
0,0,0,1,0,1,1,3,1,8,453,169,236,45,38,36,10,10,32,3,5.142857143
0,0,1,0,0,1,1,4,0,3,502,324,376,14,83,310,13,10,31,1,7.56097561
0,0,0,0,1,1,1,5,1,8,881,421,471,3,35,44.78,10,2.5,34,3,4.975555556
1,0,0,1,0,1,1,7,1,0,298,72,94,75,72,222,21,19,31,10,13.875
1,1,0,0,0,1,1,5,1,7,1218,613,689,0,69,127,10,10,30,20,9.071428571
0,0,0,1,0,1,1,5,1,8,719,442,446,9,56,151,12,9,32,1,8.388888889
1,0,1,0,0,1,1,3,1,7,724,399,443,2,59,180,19,10,28,8,7.826086957
1,0,1,0,0,1,2,2,0,1,339,221,275,20,42,55,6,6,29,1,5.5
0,0,0,1,0,0,1,3,0,8,732,257,325,30,58,87,7,6,29,10,5.8
1,0,1,0,0,1,1,4,1,8,1246,354,425,5,60,94,6,5,30,13,4.476190476
1,0,1,0,0,0,1,1,0,4,442,315,343,24,52,134,20,20,30,10,16.75
0,0,0,0,1,0,1,2,1,8,506,319,355,11,24,40,20,10,35,5,13.33333333
1,0,0,1,0,1,1,5,1,8,293,212,265,31,40,47,15,15,37,5,9.4
1,0,0,1,0,1,1,4,0,3,468,313,337,8,66,84,5,5,30,3,4.2
1,0,0,0,1,1,1,3,1,8,1136,246,344,39,24,25,10,5,33,8,6.25
1,0,0,0,1,1,1,2,1,8,1772,418,492,3,30,30,15,15,36,10,10
1,0,1,0,0,1,1,5,1,8,942,453,472,5,52,77,20,15,33,9,12.83333333
1,0,0,0,1,0,1,5,0,7,2387,516,514,15,55,175,25,20,37,7,21.875
0,0,0,1,0,0,1,2,0,0,427,132,208,57,76,178,12,10,30,3,6.846153846
1,0,0,1,0,0,1,1,1,1,504,208,253,31,63,100,20,15,37,9,14.28571429
1,1,0,0,0,1,1,4,1,8,758,264,312,18,51,84,13,13,31,7,7
1,1,0,0,0,1,1,5,1,7,1739,391,409,8,51,105,9,7,32,9,6.5625
1,0,0,1,0,1,1,7,1,8,1325,727,743,4,25,31,7,7,29,6,6.2
1,0,0,0,1,1,1,2,1,8,935,301,316,23,16,20,20,20,36,5,20
0,0,1,0,0,1,1,4,0,8,503,399,403,14,59,136,15,12,30,4,8.5
1,0,1,0,0,1,1,4,1,8,802,457,492,4,48,72,12,3,19,14,8
1,0,1,0,0,1,1,7,0,2,525,317,372,17,33,53,11,9,29,9,8.833333333
0,0,0,0,1,1,1,4,1,6,580,233,281,20,62,244,22,21,36,6,15.25
1,1,0,0,0,1,1,2,1,9,1150,573,653,3,48,120.65,25,10,29,7,10.96818182
1,0,0,0,1,1,1,6,0,9,5932,1434,1142,2,59,183,15,15,34,3,9.631578947
0,0,0,0,1,1,1,4,1,8,1273,457,490,2,54,115,25,25,32,1,19.16666667
1,0,0,0,1,1,1,4,1,8,973,366,381,6,18,15,15,15,37,5,15
1,1,0,0,0,1,2,6,0,1,672,192,221,34,72,188,25,20,33,15,12.53333333
1,1,0,0,0,1,1,5,0,8,1669,435,525,8,54,94,10,7,28,2,7.230769231
1,0,0,1,0,0,1,3,1,8,598,267,325,25,24,51,10,10,31,1,8.5
0,0,1,0,0,0,1,2,1,1,396,247,275,24,54,115,9,5,37,2,4.791666667
1,0,0,1,0,1,1,4,1,7,568,416,470,15,48,52,15,15,34,13,10.4
0,0,0,1,0,1,1,7,0,9,2709,787,873,1,33,60,25,25,31,11,15
1,0,1,0,0,1,1,4,1,4,633,317,406,9,40,63,12,12,29,9,9
1,0,0,0,1,1,1,5,1,4,554,292,306,14,71,188,20,20,36,20,17.09090909
1,1,0,0,0,1,1,2,1,8,1222,424,494,9,29,33,6,3,17,4,4.125
0,0,1,0,0,1,2,7,0,8,1100,469,528,7,15,20,20,20,37,5,20
0,0,0,0,1,1,1,3,0,8,1474,303,366,30,22,50,50,50,36,5,50
0,0,0,0,1,1,1,5,0,8,2045,462,494,15,25,35,10,10,31,3,8.75
1,1,0,0,0,1,1,4,1,8,721,269,333,23,63,57,7,7,29,5,3.8
0,0,0,1,0,1,1,7,0,8,1568,520,596,1,45,99,27,27,37,5,24.75
1,0,0,0,1,1,1,7,1,8,2184,655,709,2,34,52,9,6,30,5,6.5
1,1,0,0,0,1,1,3,1,8,1217,297,368,18,27,86,16,10,31,1,12.28571429
0,0,0,0,1,0,1,4,1,8,282,305,338,29,25,75,50,50,37,4,37.5
1,1,0,0,0,0,1,5,1,8,1519,650,705,7,49,91,15,10,35,5,7.583333333
0,0,0,1,0,1,1,1,0,4,927,446,442,8,56,86,10,10,37,7,6.615384615
0,0,0,1,0,1,1,5,1,8,735,368,406,10,27,31,15,15,29,10,10.33333333
0,0,0,1,0,1,1,4,1,5,645,298,362,18,55,89,10,10,28,17,8.090909091
1,0,1,0,0,1,1,4,0,8,617,367,399,12,21,34,12,12,31,6,11.33333333
1,1,0,0,0,1,1,6,0,7,1345,508,616,8,73,106.75,7,4,28,14,4.105769231
1,0,1,0,0,1,1,4,1,8,894,473,496,5,32,42,7,7,32,3,5.25
0,0,0,1,0,0,1,5,1,8,1233,620,678,0,31,33,20,20,35,9,11
1,0,0,1,0,1,1,5,1,2,643,210,255,35,76,169,20,20,36,8,11.26666667
1,0,0,1,0,1,2,3,1,3,444,233,247,8,45,50,15,15,29,44,10
1,0,0,0,1,1,1,4,1,5,788,266,312,20,45,152,20,20,31,17,12.66666667
0,0,1,0,0,1,1,5,1,8,855,516,534,0,15,15,15,15,37,5,15
1,0,1,0,0,1,1,4,1,3,303,294,338,17,51,181,25,10,18,6,12.92857143
1,0,0,1,0,1,1,2,0,4,205,345,363,5,80,112,12,11,32,10,8.615384615
1,1,0,0,0,1,1,4,1,8,744,304,355,18,26,26,10,6,28,5,6.5
0,0,0,0,1,1,1,4,1,2,1800,289,324,22,44,91,25,25,25,5,18.2
0,0,1,0,0,1,1,5,1,8,567,359,372,6,24,31,7,7,30,5,6.2
1,0,0,0,1,1,1,4,1,8,2194,314,395,17,34,46,20,20,36,7,15.33333333
1,0,0,0,1,1,1,6,0,8,1413,445,466,3,38,50,10,10,32,9,5
0,0,0,0,1,1,1,3,1,8,732,470,459,4,74,187,21,16,29,5,11
1,0,0,0,1,1,1,2,1,8,996,241,263,21,36,55,8,8,30,5,6.111111111
0,1,0,0,0,0,4,2,0,8,1122,296,380,20,18,25,25,25,37,5,25
1,1,0,0,0,1,1,2,1,3,407,240,287,32,47,186,60,50,34,5,37.2
1,1,0,0,0,0,1,6,0,8,1614,667,744,2,28,47,32,32,37,8,15.66666667
1,0,0,0,1,1,1,6,0,8,3877,669,729,0,53,83,20,20,37,3,11.85714286
0,0,0,0,1,1,1,6,0,8,5625,1053,1023,2,79,257,12,6,31,8,6.58974359
1,0,0,1,0,1,1,5,1,8,801,545,566,7,40,70,7,7,31,5,5.833333333
0,0,1,0,0,1,1,6,0,5,656,341,388,4,41,110,10,10,30,2,10
0,0,1,0,0,0,1,3,0,2,466,215,250,30,74,122,8,5,32,8,4.692307692
1,0,1,0,0,0,1,2,0,8,484,328,355,17,71,106,10,10,30,4,5.3
1,1,0,0,0,1,1,3,1,6,990,380,432,8,69,163,12,12,33,3,8.578947368
1,0,0,1,0,1,1,5,0,7,728,357,376,10,44,132,25,25,37,9,16.5
1,0,0,0,1,1,1,6,0,0,1213,401,449,16,40,186,31,31,31,6,26.57142857
0,0,0,0,1,0,1,2,1,4,2254,362,374,10,39,77,11,10,30,5,7.7
1,0,0,0,1,1,1,1,0,2,710,249,328,26,85,153,7,7,24,3,5.1
0,1,0,0,0,1,1,4,1,8,513,185,199,44,124,246.21,16,9,26,1,5.862142857
0,1,0,0,0,1,1,3,0,7,698,433,495,3,64,118,25,15,17,16,14.75
1,0,0,0,1,1,2,6,1,8,761,383,423,6,56,135,16,16,29,4,9
0,1,0,0,0,1,1,2,1,4,585,322,340,13,54,121,15,15,33,14,11
0,0,0,0,1,1,1,4,1,8,4993,675,770,5,40,44,7,4,31,25,4.888888889
1,1,0,0,0,0,1,1,0,3,799,288,351,10,52,152,25,12,31,7,12.66666667
1,0,0,1,0,1,1,5,1,9,1785,663,737,4,44,58,20,20,37,10,14.5
0,0,1,0,0,0,1,1,1,6,655,423,467,4,61,68,5,4,32,3,3.4
0,0,0,1,0,0,1,3,0,7,727,348,426,8,38,67,17,17,34,3,13.4
1,1,0,0,0,1,1,4,0,3,1036,275,319,20,82,202,15,8,30,11,6.3125
0,0,1,0,0,1,1,4,1,6,596,330,345,8,74,130,20,10,30,8,6.842105263
0,0,0,1,0,1,1,3,0,8,566,352,407,10,57,107,20,20,37,2,8.230769231
0,0,1,0,0,1,1,5,0,8,278,208,247,30,24,94,17,17,30,10,15.66666667
1,0,0,0,1,1,1,6,1,9,3761,768,826,2,80,311.07,60,60,33,2,8.887714286
1,0,1,0,0,1,1,4,1,8,407,172,266,40,31,64,12,12,31,4,10.66666667
0,1,0,0,0,0,1,4,0,8,689,285,329,20,25,32,10,10,29,5,8
1,0,0,0,1,1,1,4,1,3,2842,305,376,21,58,158,11,10,32,3,7.523809524
0,0,0,1,0,0,1,1,1,8,366,213,253,30,64,213,20,5,31,2,10.65
1,0,1,0,0,1,1,4,1,8,593,307,349,9,34,55,10,10,35,6,9.166666667
0,0,1,0,0,1,1,4,1,8,833,441,484,7,61,94,15,8,29,7,7.230769231
0,0,0,1,0,1,1,5,1,8,622,421,454,18,39,93,10,5,34,8,5.470588235
1,1,0,0,0,0,1,6,0,4,721,269,333,23,67,111,20,20,36,2,9.25
1,0,0,0,1,1,1,2,1,8,1169,363,404,6,27,29,10,5,28,2,4.833333333
0,0,0,0,1,0,1,4,1,8,2560,413,538,5,25,74,24,20,31,3,18.5
1,1,0,0,0,1,2,4,1,3,860,282,312,16,37,104,15,10,31,14,10.4
1,0,0,1,0,1,1,4,1,8,2932,767,835,8,25,30,10,10,29,5,7.5
0,0,0,0,1,1,1,2,1,8,3157,507,625,9,28,47,15,15,32,10,11.75
0,0,0,1,0,0,1,2,1,2,319,169,212,45,134,5674.9,375,27,33,0,23.94472574
1,0,0,0,1,1,1,5,1,3,1066,323,396,8,58,186,18,15,30,5,11.625
1,1,0,0,0,1,1,4,1,1,521,276,294,27,110,186,11,10,35,8,6
0,0,0,0,1,1,1,4,0,8,794,241,293,26,24,50,15,10,31,3,10
1,0,0,1,0,1,1,5,0,8,567,318,363,8,33,32,5,5,31,1,3.555555556
0,1,0,0,0,1,4,6,0,8,1714,955,944,0,25,29,10,10,31,1,7.25
1,0,0,0,1,1,1,6,0,9,5855,1211,1085,2,43,180,40,40,30,9,20
0,1,0,0,0,1,2,6,1,8,837,366,434,10,18,18,15,15,36,6,9
1,0,0,0,1,0,1,2,1,1,806,223,277,29,59,247,26,26,29,3,15.4375
1,0,0,1,0,1,1,4,0,0,727,293,339,21,70,89,10,10,31,2,6.846153846
1,1,0,0,0,1,1,4,1,5,923,343,403,13,48,124,20,20,37,4,17.71428571
0,0,0,0,1,1,1,5,1,8,747,342,340,9,24,39,15,14,32,5,13
0,0,0,1,0,1,1,2,0,1,374,317,349,17,71,83.3,10,5,30,4,4.9
1,0,0,0,1,1,1,3,0,8,1238,318,396,7,29,82,15,15,31,2,10.25
0,0,1,0,0,1,4,2,1,8,230,97,171,58,23,47,35,35,30,6,15.66666667
0,0,0,1,0,0,1,1,1,8,427,289,302,20,18,30,10,5,30,5,6
0,0,0,0,1,1,1,2,0,4,778,277,325,19,44,310,50,50,34,2,28.18181818
0,0,0,0,1,1,1,3,1,7,1488,366,407,6,49,135,11,9,37,2,9
1,0,0,0,1,1,1,6,1,3,1137,324,352,20,98,406,15,14,29,4,8.826086957
1,0,1,0,0,1,3,7,0,8,886,436,528,21,53,73,5,5,29,12,4.866666667
1,1,0,0,0,0,1,2,1,8,521,282,357,12,14,25,25,25,37,5,25
1,0,0,0,1,1,1,7,0,5,689,280,326,31,58,190,15,10,37,3,9.5
0,0,0,1,0,0,1,2,0,3,517,270,318,25,40,50,25,25,37,27,16.66666667
1,0,0,0,1,0,1,5,1,5,735,310,358,14,74,74,5,3,30,7,3.083333333
1,0,1,0,0,1,1,4,1,5,484,314,347,13,51,140,12,7,32,10,8.235294118
1,0,0,0,1,1,1,5,1,8,1225,484,570,6,29,46,7,5,34,2,5.75
1,0,1,0,0,1,1,4,1,8,494,397,388,9,58,117,20,20,31,7,11.7
1,0,0,0,1,1,1,4,1,0,614,166,182,44,68,267,30,6,30,2,9.888888889
1,1,0,0,0,1,1,3,1,8,746,305,377,17,55,95,10,10,28,9,5.9375
0,1,0,0,0,1,2,4,1,8,834,286,317,16,23,33,6,6,30,5,5.5
1,0,1,0,0,1,1,7,1,8,2174,1010,987,2,22,45,25,25,34,2,22.5
0,0,0,1,0,1,1,2,1,8,749,357,400,19,24,65,25,25,30,3,21.66666667
1,1,0,0,0,1,1,4,1,3,1105,496,599,2,58,202,10,7,17,3,6.733333333
0,0,0,0,1,1,1,5,0,3,607,292,310,24,55,101,12,12,31,8,10.1
1,0,1,0,0,1,1,3,0,8,718,313,364,14,49,66,9,9,31,3,6
1,0,0,0,1,1,1,6,1,8,1194,587,636,1,61,159,20,20,37,6,13.25
1,0,0,1,0,1,1,7,1,9,874,601,629,3,73,231,35,30,28,4,19.25
1,0,1,0,0,1,1,5,1,5,325,219,285,31,56,104,13,10,30,1,9.454545455
0,1,0,0,0,1,1,3,0,8,516,214,229,45,45,76,12,12,30,12,8.444444444
0,0,0,1,0,0,1,1,1,5,268,260,294,22,59,101,15,15,29,19,8.416666667
1,1,0,0,0,0,4,1,1,8,711,323,371,14,22,46,20,10,30,3,11.5
0,1,0,0,0,1,1,4,1,9,695,315,380,31,78,431,35,10,31,6,19.59090909
0,0,0,0,1,1,1,4,1,6,1046,329,358,10,70,169,16,10,31,13,10.5625
1,1,0,0,0,1,1,4,1,4,936,213,213,50,62,275,24,16,30,4,11.45833333
1,0,0,0,1,1,1,6,0,8,1398,471,471,3,132,286,20,15,22,6,9.225806452
1,0,0,1,0,1,1,2,1,3,321,180,258,33,50,68,16,16,36,11,13.6
1,0,0,1,0,1,1,4,0,8,464,391,432,7,101,257,17,14,30,5,11.68181818
1,0,1,0,0,1,1,3,1,0,573,321,351,18,108,164,10,9,31,0,5.290322581
1,0,0,0,1,0,1,3,1,8,639,326,323,28,24,49,15,10,28,3,12.25
1,0,0,0,1,1,1,1,1,0,875,268,350,18,66,104,15,15,29,11,11.55555556
1,0,0,1,0,0,1,2,1,8,596,279,353,21,62,62,7,3,29,9,3.444444444
1,0,1,0,0,0,1,2,0,1,395,217,269,29,63,64,6,6,31,9,3.555555556
1,0,1,0,0,1,1,5,0,1,444,209,255,28,61,130,15,13,36,7,10.83333333
1,0,0,1,0,0,1,1,0,8,232,120,209,57,40,100,8,6,33,1,5.555555556
0,0,0,1,0,0,1,1,1,4,488,304,327,12,39,93,25,25,28,4,11.625
1,1,0,0,0,1,1,2,1,2,871,244,299,24,56,114,14,10,31,6,10.36363636
1,1,0,0,0,1,1,4,1,8,644,361,365,11,31,66,12,12,31,6,11
0,0,0,1,0,1,1,4,0,8,571,338,380,6,27,34,12,10,32,6,8.5
0,0,1,0,0,1,1,2,0,3,621,254,318,27,65,60,6,5,34,4,4
1,0,0,0,1,1,1,4,0,6,0,68,89,90,58,82,6,6,30,2,4.555555556
0,1,0,0,0,1,1,1,0,8,1473,302,353,11,39,67,10,10,30,4,7.444444444
1,0,0,1,0,1,1,1,1,8,709,349,415,5,22,26,16,16,36,7,13
1,0,0,0,1,1,1,4,1,1,1351,462,439,8,36,49,6,4,35,5,4.454545455
1,0,0,1,0,1,1,4,0,3,657,272,329,24,49,74,10,10,31,4,7.4
0,1,0,0,0,1,1,6,0,8,1305,525,588,2,27,32,11,6,31,8,8
0,0,0,1,0,1,1,7,1,8,2225,839,900,0,20,47,27,27,28,9,23.5
0,0,0,0,1,1,1,2,1,1,741,253,262,22,87,377.57,18,14,28,2,9.936052632
1,0,1,0,0,1,1,4,1,1,395,266,307,24,42,107,25,3,28,2,15.28571429
1,1,0,0,0,1,1,4,1,6,879,340,436,4,38,37,5,5,30,9,4.111111111
1,0,0,0,1,1,1,4,1,8,2015,439,475,6,74,132.5,8,5,31,4,5.3
0,0,0,0,1,1,1,2,0,2,777,282,312,9,44,70,15,15,36,8,11.66666667
1,0,1,0,0,1,1,1,1,7,737,317,399,10,70,165,8,8,20,2,4.852941177
0,0,0,0,1,1,1,4,0,4,873,322,376,9,62,108,14,10,31,12,9.818181818
0,1,0,0,0,1,1,4,0,8,1041,466,527,4,57,191,10,10,31,5,8.304347826
0,0,0,0,1,1,1,2,1,5,792,280,296,23,81,235,20,10,32,3,9.791666667
0,0,1,0,0,0,1,2,1,1,461,168,264,44,81,124,15,15,37,3,8.857142857
1,0,1,0,0,0,1,1,0,5,546,385,423,12,73,140,20,10,31,4,7
0,0,0,1,0,0,1,2,1,5,859,370,444,7,76,298,37,37,32,6,18.625
0,0,0,1,0,1,1,4,1,8,883,446,480,11,67,99,20,20,34,13,9.9
0,1,0,0,0,0,1,4,1,8,847,438,499,9,91,94,11,9,29,5,6.714285714
0,1,0,0,0,1,1,4,1,5,501,255,250,29,91,556,15,10,30,7,8.825396825
1,0,0,0,1,1,1,7,1,9,1665,579,635,0,53,61,25,25,37,34,12.2
0,0,1,0,0,1,1,5,0,8,734,369,400,12,38,66,11,8,29,13,8.25
1,0,0,1,0,0,1,2,0,7,1293,531,590,8,59,400,58,52,34,7,36.36363636
1,0,0,1,0,1,1,5,1,9,1123,600,648,2,54,70,15,15,33,16,10
0,1,0,0,0,1,1,6,1,9,1397,609,656,3,69,124,12,10,36,4,7.294117647
0,0,0,1,0,1,1,3,1,7,672,433,479,2,76,243,20,20,29,13,13.5
0,1,0,0,0,0,1,1,0,5,952,360,424,16,39,69,15,15,36,6,11.5
1,0,1,0,0,1,1,2,1,8,903,457,489,3,63,245,20,10,35,17,11.13636364
0,0,0,0,1,1,1,5,0,5,1133,388,394,12,65,103,10,9,36,13,6.866666667
0,0,0,0,1,1,1,3,1,1,732,261,298,23,78,145,10,5,32,6,6.304347826
1,1,0,0,0,1,1,3,0,4,737,254,296,18,63,132,13,5,31,26,7.333333333
0,0,1,0,0,0,1,4,1,8,852,504,533,6,56,183,30,25,37,8,18.3
0,0,0,0,1,0,1,3,1,8,1348,448,536,9,25,27,10,10,31,8,6.75
1,1,0,0,0,0,1,7,1,8,382,198,236,34,32,45,10,10,30,2,7.5
1,0,0,0,1,0,1,1,1,4,542,241,304,18,94,261,15,12,30,1,10.875
0,0,0,0,1,1,1,3,0,0,569,77,121,85,47,54,21,21,36,16,13.5
1,0,0,0,1,1,1,4,1,8,1044,366,393,10,68,92,8,3,28,3,3.407407407
0,0,0,0,1,1,1,1,1,4,1172,473,608,0,112,322.25,20,10,17,5,4.475694444
0,0,0,0,1,1,1,6,0,3,759,295,336,22,48,77,20,20,37,5,15.4
1,0,0,1,0,1,1,5,0,8,1530,759,813,2,66,83,7,7,28,17,5.1875
1,0,0,0,1,1,1,7,0,8,2088,804,905,0,59,147,11,11,30,5,7.736842105
1,1,0,0,0,1,1,7,0,8,616,317,362,4,52,60,5,5,30,2,4
1,1,0,0,0,1,1,4,0,8,850,457,463,4,39,43,10,3,30,8,4.3
0,0,0,1,0,1,1,5,1,9,1080,580,636,2,44,72,21,21,37,13,14.4
0,0,0,0,1,1,1,4,1,1,1166,358,406,18,41,45,5,5,29,1,5
1,0,0,1,0,0,1,4,0,9,858,564,571,3,46,68,14,4,32,6,8.5
1,0,0,0,1,1,1,2,1,5,1729,403,439,14,34,48,5,3,29,3,4
0,0,0,0,1,1,1,5,1,9,5093,906,923,5,47,88,10,10,30,7,8
1,0,0,0,1,0,1,1,1,8,1099,470,496,6,25,45,15,15,37,3,11.25
0,0,0,0,1,1,1,7,0,8,5335,689,812,15,39,100,100,100,37,5,100
0,0,0,0,1,1,1,5,1,8,5017,1034,1009,3,26,42,12,12,30,12,10.5
1,0,1,0,0,1,1,7,1,8,935,536,606,7,25,85,75,75,36,6,42.5
1,0,0,0,1,1,1,5,1,5,1848,416,528,11,70,233,11,11,29,4,6.852941177
0,1,0,0,0,1,1,7,1,8,1633,610,741,5,34,50,20,20,30,3,10
1,0,0,1,0,1,1,5,0,5,698,354,381,15,59,74,12,7,30,14,8.222222222
1,1,0,0,0,1,1,4,0,8,337,174,217,42,32,49,5,5,31,3,4.454545455
1,0,0,0,1,1,1,4,0,8,803,328,388,10,53,69,20,20,37,12,13.8
0,1,0,0,0,1,1,4,1,3,749,365,389,10,36,65,20,20,35,12,16.25
1,0,1,0,0,1,1,4,0,0,443,276,306,22,61,108,11,10,17,5,7.714285714
1,0,0,1,0,1,1,4,1,8,436,378,417,4,23,22,10,10,30,3,7.333333333
0,0,0,1,0,1,1,4,1,3,1021,463,533,0,108,430,14,10,30,0,10
1,1,0,0,0,1,1,4,1,6,576,361,373,13,49,69,15,15,29,7,9.857142857
1,0,0,0,1,0,1,1,1,5,2844,385,455,7,62,215,25,25,32,8,17.91666667
1,0,0,0,1,1,1,6,1,8,3233,658,754,3,36,45,15,15,24,3,15
0,0,0,1,0,1,1,4,1,6,501,267,279,23,50,179,17,16,30,4,11.93333333
0,0,1,0,0,1,1,4,1,3,606,263,305,21,75,160,15,15,35,19,10.66666667
0,0,0,0,1,1,1,5,0,8,1448,462,500,9,37,100,25,25,31,5,12.5
1,0,0,0,1,1,1,4,1,3,1991,353,380,5,51,108,20,16,34,15,13.5
0,0,0,0,1,0,1,3,0,1,1331,609,651,3,58,184,60,20,32,48,23
1,0,1,0,0,0,1,4,1,8,647,399,439,11,32,42,6,6,30,1,4.666666667
0,0,1,0,0,1,1,2,1,8,572,413,471,10,21,26,21,21,36,5,13
0,0,0,0,1,1,1,1,1,5,924,441,491,12,72,117,6,5,28,6,4.875
1,1,0,0,0,0,1,1,1,3,879,256,295,23,63,93,12,12,30,4,5.8125
1,0,0,1,0,1,1,6,0,8,572,336,359,8,20,22,10,10,31,3,7.333333333
0,0,1,0,0,1,1,7,0,7,578,296,344,16,48,65,25,20,37,12,21.66666667
0,0,0,0,1,0,1,1,1,0,163,125,174,64,71,120,14,13,36,10,8.571428571
0,1,0,0,0,1,1,2,0,8,625,363,438,6,22,33,20,20,37,5,16.5
0,0,0,0,1,1,1,4,1,6,1072,380,436,5,55,78,11,10,31,4,7.090909091
1,0,0,0,1,1,1,4,1,2,601,252,298,27,81,426,20,14,30,9,11.51351351
0,0,1,0,0,0,1,2,0,8,391,210,272,27,34,54,10,10,31,5,6
1,0,0,0,1,1,1,7,1,7,1095,462,459,11,62,153,20,20,36,24,17
1,0,1,0,0,1,1,4,1,5,520,373,378,3,55,87,5,5,31,5,3.222222222
1,0,0,0,1,0,1,1,0,8,4009,521,588,13,21,75,50,50,31,6,37.5
1,1,0,0,0,0,1,5,0,8,665,328,352,16,75,211.75,22,10,36,3,10.5875
0,0,0,0,1,0,1,3,0,7,1117,454,459,9,128,265,11,11,34,6,8.548387097
0,0,1,0,0,1,1,4,1,8,1100,449,519,6,33,50,11,11,28,8,8.333333333
0,0,0,1,0,1,1,5,1,8,578,358,404,12,77,238,20,20,31,0,5.666666667
1,0,0,0,1,0,1,3,0,0,473,215,259,27,44,103,15,14,28,14,6.866666667
0,1,0,0,0,0,1,1,1,7,858,385,451,16,73,103,10,10,32,6,6.058823529
1,0,0,1,0,1,1,4,0,8,510,256,311,25,35,52,10,10,30,3,8.666666667
0,0,0,0,1,1,1,6,1,8,2307,474,525,7,27,32,6,6,29,1,5.333333333
0,0,0,0,1,1,1,3,1,2,826,314,406,17,54,63,5,5,31,3,3.705882353
0,0,0,1,0,0,1,2,1,4,514,234,293,35,89,687,25,25,28,9,17.61538462
1,0,0,1,0,0,1,3,1,8,875,451,510,13,37,118,20,15,37,2,13.11111111
0,1,0,0,0,0,2,1,1,8,551,284,320,21,37,108,20,15,31,2,13.5
1,0,0,0,1,1,1,2,1,6,1273,409,481,5,50,83,12,12,32,18,8.3
0,0,0,0,1,0,1,4,1,8,483,217,270,28,28,38,12,12,34,7,9.5
0,0,0,0,1,1,1,4,1,7,2010,515,575,2,36,61,15,11,31,2,10.16666667
0,0,0,1,0,0,1,1,1,3,475,198,268,13,98,1111,56,50,30,1,31.74285714
1,0,1,0,0,1,1,6,0,8,946,465,535,3,26,76,25,21,28,7,19
0,1,0,0,0,1,1,1,0,8,971,524,532,5,51,80,20,20,35,9,13.33333333
1,0,0,0,1,1,1,6,1,8,0,0,0,0,59,143,20,10,37,20,8.9375
0,0,0,1,0,0,1,1,0,8,438,225,271,36,22,27,11,11,32,4,6.75
0,0,1,0,0,0,1,1,1,8,1577,476,564,7,39,56,20,20,37,12,14
1,0,0,0,1,0,1,2,1,3,1921,351,413,18,72,128,10,3,31,22,4.923076923
0,0,0,0,1,1,1,4,1,8,767,207,277,27,47,71,10,6,32,2,5.916666667
0,0,0,0,1,0,1,3,1,4,609,313,337,18,65,139,15,10,36,12,9.928571429
1,1,0,0,0,1,1,4,1,8,0,0,0,0,25,45,10,8,30,2,6.428571429
1,0,0,0,1,1,2,6,0,8,1181,284,330,23,62,84,10,5,29,13,5.25
0,0,0,0,1,1,1,4,0,8,2062,519,568,2,15,15,15,15,37,5,15
0,0,0,0,1,1,1,4,1,0,696,297,348,18,65,79,8,4,29,10,4.9375
1,0,0,0,1,0,1,5,1,9,3388,871,913,0,44,125,40,40,31,2,20.83333333
0,0,1,0,0,1,1,6,1,8,1051,474,540,8,23,75,25,25,28,5,25
0,1,0,0,0,1,1,4,0,8,2859,649,759,7,27,67,25,22,32,5,22.33333333
1,0,0,0,1,1,1,7,0,9,3201,679,705,11,80,370,26,20,37,2,14.8
1,0,0,0,1,1,1,3,0,7,827,419,480,9,61,134.5,12,12,31,10,6.725
1,0,0,1,0,0,1,2,1,1,232,252,278,28,69,144,8,6,29,4,4.965517241
0,0,0,0,1,1,1,4,1,8,813,227,249,28,36,75,25,15,30,4,15
0,1,0,0,0,1,1,2,1,3,447,270,276,24,81,113,11,11,31,7,5.136363636
0,1,0,0,0,1,1,4,1,8,1096,436,456,8,26,45,20,20,31,5,15
0,0,0,0,1,1,1,4,1,8,2659,372,462,9,36,46,5,4,28,1,3.833333333
1,0,0,0,1,1,1,4,1,9,4373,814,919,6,53,127,11,11,29,3,8.466666667
0,1,0,0,0,1,1,1,0,3,428,240,261,28,64,276,10,8,31,3,7.885714286
1,0,1,0,0,0,1,6,1,3,592,282,291,20,75,109,10,3,34,2,3.516129032
0,0,0,1,0,1,1,4,0,7,978,351,396,15,50,72,21,21,36,5,18
0,0,0,0,1,1,1,4,0,3,1311,358,385,22,73,132,9,6,33,15,6.285714286
1,0,0,0,1,0,1,2,0,6,857,404,422,6,83,218,13,5,21,4,7.785714286
1,0,0,0,1,1,1,6,0,8,1160,596,610,0,33,54,13,13,29,7,9
1,1,0,0,0,1,1,5,1,8,928,458,492,7,23,41,16,15,31,3,13.66666667
0,1,0,0,0,1,1,4,1,8,766,313,342,28,39,155,40,20,29,12,17.22222222
0,0,1,0,0,1,1,5,0,8,353,275,281,23,32,57,15,10,30,3,9.5
0,1,0,0,0,1,1,4,1,7,1489,503,679,10,75,95.5,5,5,31,7,3.080645161
1,0,0,0,1,1,1,2,0,2,723,311,343,14,51,169,100,100,30,8,12.07142857
0,0,1,0,0,1,1,4,1,7,717,253,312,30,84,210.5,16,7,30,2,7.25862069
0,0,0,0,1,1,1,4,1,8,5030,1168,1045,0,19,19,15,15,31,6,9.5
0,0,0,0,1,1,1,5,0,8,725,405,372,19,30,60,25,25,37,3,20
0,0,1,0,0,0,1,3,0,3,426,293,318,16,57,67,10,10,36,6,3.941176471
1,0,0,0,1,1,1,3,0,6,774,306,366,18,50,131,25,25,35,30,18.71428571
1,1,0,0,0,1,1,4,1,6,562,358,352,7,59,132,14,13,32,7,9.428571429
1,0,1,0,0,0,1,6,1,7,733,484,510,4,41,165,50,50,37,10,33
1,0,0,1,0,1,1,2,0,5,882,382,397,4,75,97,5,5,30,7,3.592592593
1,0,1,0,0,1,1,5,1,8,969,482,493,2,38,56,7,5,31,4,5.090909091
0,0,0,0,1,0,1,2,1,8,835,310,364,22,43,79,10,5,31,2,5.642857143
1,0,0,0,1,1,1,5,0,8,2351,604,589,3,61,280,25,10,31,3,15.55555556
1,0,0,0,1,1,1,4,1,4,2122,376,419,10,42,50,20,20,37,2,12.5
0,0,0,0,1,0,2,3,1,8,2478,538,564,3,15,15,15,15,37,5,15
0,0,0,1,0,0,1,6,0,8,452,247,294,29,26,56,25,10,31,2,14
0,0,0,0,1,1,1,7,1,9,2817,734,789,2,82,183,15,14,30,7,9.15
0,1,0,0,0,1,1,4,1,8,662,358,377,3,46,58,10,7,30,4,4.833333333
1,1,0,0,0,1,1,5,0,6,688,295,347,15,55,92,25,25,21,19,13.14285714
0,0,0,1,0,1,1,5,1,0,1087,547,606,4,128,447,18,15,32,4,6.772727273
1,1,0,0,0,0,1,5,1,9,860,374,417,20,64,155,20,20,28,4,8.157894737
1,0,0,0,1,1,1,4,1,8,775,224,254,12,32,36,10,10,30,9,6
0,0,0,0,1,1,1,6,1,8,1076,149,205,50,32,39,16,16,37,4,9.75
0,0,1,0,0,1,1,6,1,8,713,390,416,5,56,80,11,10,33,3,7.272727273
1,0,1,0,0,0,1,5,1,2,832,450,491,7,53,98,10,10,28,4,5.764705882
1,1,0,0,0,1,1,4,1,8,559,349,386,10,39,41,10,9,30,1,8.2
0,0,0,0,1,0,1,3,1,6,2648,534,580,6,106,185,5,5,27,3,5
1,0,0,0,1,1,1,5,0,8,948,571,571,5,27,46,10,9,28,5,9.2
0,0,0,0,1,1,1,4,1,6,1184,373,433,11,55,116,25,25,31,7,10.54545455
1,0,0,0,1,1,1,4,0,8,1140,401,413,27,62,77,7,5,30,8,5.133333333
0,0,0,0,1,1,1,2,0,8,1265,311,339,10,24,40,10,10,31,4,10
1,0,0,1,0,1,1,4,0,2,748,298,409,33,70,101,18,14,31,4,11.22222222
0,0,0,0,1,1,1,4,0,8,5079,623,644,13,43,176,15,15,29,8,9.777777778
0,0,0,0,1,1,1,6,1,9,4113,789,790,2,84,232,20,10,31,14,10.08695652
0,0,1,0,0,1,1,5,0,8,680,463,480,3,22,25,20,20,37,9,12.5
1,0,0,1,0,1,1,7,1,8,1228,430,453,9,77,719,45,19,32,2,19.43243243
1,1,0,0,0,1,1,5,0,8,399,271,295,28,53,107,14,12,31,3,10.7
0,0,1,0,0,1,1,2,0,1,229,236,272,26,44,99,14,10,32,8,9.9
1,0,0,0,1,1,1,4,1,8,852,288,324,20,24,35,5,4,33,2,4.375
1,0,0,0,1,1,1,4,1,8,767,286,327,21,37,50,15,15,33,8,12.5
1,0,0,0,1,1,1,5,1,2,1348,280,356,20,64,143,16,15,28,13,8.411764706
0,1,0,0,0,1,1,5,1,8,376,187,232,36,23,20,10,10,29,4,6.666666667
0,0,0,1,0,1,1,4,1,0,293,271,329,22,45,87,25,10,30,1,10.875
0,0,0,0,1,1,1,4,1,8,4822,943,942,2,50,59,10,3,28,12,6.555555556
0,0,0,0,1,1,1,5,0,8,3258,508,544,3,16,20,20,20,37,5,20
0,1,0,0,0,1,1,4,1,8,962,452,502,4,82,151,12,12,30,13,7.947368421
0,0,1,0,0,1,1,2,1,8,429,295,347,15,41,52,20,20,29,14,10.4
0,0,0,1,0,1,1,6,1,8,1380,540,575,8,43,51,25,16,37,5,17
0,0,0,0,1,0,1,1,1,8,3688,353,507,32,36,59,10,7,28,7,6.555555556
0,0,1,0,0,1,1,4,1,5,822,511,538,3,50,97,10,5,37,34,6.928571429
0,0,0,1,0,1,3,5,1,8,367,294,341,13,29,35,25,25,37,9,17.5
1,1,0,0,0,1,1,5,1,8,1513,502,604,7,49,63,25,25,36,15,7.875
0,1,0,0,0,0,1,5,1,8,1760,507,564,5,23,20,15,15,37,8,10
0,0,1,0,0,0,1,4,1,1,651,220,274,29,64,146,7,3,32,9,5.034482759
1,0,1,0,0,1,1,4,0,8,613,353,373,13,25,35,10,10,31,11,8.75
0,0,0,0,1,1,1,5,1,9,516,346,333,16,76,233,12,10,37,5,8.034482759
0,0,0,1,0,1,1,5,1,9,1544,791,820,7,71,108,25,25,28,2,10.8
0,1,0,0,0,0,1,5,1,8,987,311,387,22,52,93,25,20,37,4,13.28571429
1,0,0,1,0,0,1,1,0,8,681,292,302,19,31,39,5,3,30,3,3.545454546
1,0,1,0,0,1,1,2,1,8,401,329,291,23,36,106,15,10,35,5,10.6
0,0,0,0,1,1,1,6,0,8,1616,535,591,2,22,57,32,32,32,2,19
0,0,0,0,1,1,1,4,1,2,0,0,0,0,41,60,25,25,36,25,20
1,0,1,0,0,1,1,2,1,8,831,295,382,5,56,46,5,3,31,7,2.705882353
0,1,0,0,0,1,1,5,1,9,1863,593,677,3,37,70,15,15,34,15,11.66666667
1,0,0,0,1,1,1,5,1,8,4064,1469,1183,1,20,18,15,15,34,7,9
1,0,0,1,0,1,1,4,0,8,770,374,461,16,23,36,11,11,28,2,9
1,1,0,0,0,1,1,4,1,9,1743,649,831,0,38,40,15,15,37,12,10
1,0,0,0,1,1,1,7,0,9,5413,787,781,9,58,68,15,15,34,3,8.5
1,1,0,0,0,1,1,5,1,0,286,150,163,50,74,327,10,10,31,14,7.604651163
1,0,0,0,1,1,1,4,0,1,2070,533,559,5,58,340,16,5,31,2,11.72413793
1,0,0,0,1,1,1,5,0,7,1373,463,493,7,65,110,10,5,29,27,7.857142857
1,0,0,0,1,1,1,4,1,9,2460,729,764,0,131,247,10,5,33,2,4.75
1,0,0,0,1,1,1,4,0,8,1667,169,269,40,36,66,7,5,30,2,5.5
1,0,0,0,1,1,1,4,1,8,1614,293,322,23,27,70,25,25,32,8,23.33333333
0,0,0,0,1,0,1,2,1,8,2345,463,505,13,30,58,7,6,31,4,5.8
1,0,0,1,0,0,1,1,1,5,595,324,407,5,65,77,15,15,30,15,9.625
0,0,0,0,1,1,1,4,0,6,1164,398,435,12,64,92.5,20,20,37,10,9.25
0,0,0,1,0,0,1,2,0,8,2131,519,664,4,37,66,7,4,28,1,5.076923077
1,0,0,1,0,1,1,4,1,8,564,283,340,25,23,33,20,10,34,4,11
1,0,0,1,0,1,1,1,0,8,674,401,433,21,80,149,8,5,30,4,5.518518519
1,0,0,0,1,0,1,5,0,8,1913,575,682,0,79,286,20,12,31,7,10.21428571
1,0,0,1,0,1,1,4,0,8,1179,654,692,2,43,41,6,3,28,7,4.555555556
0,0,0,1,0,1,1,5,0,8,617,427,438,4,68,114,11,10,37,11,7.125
0,0,0,0,1,1,1,4,1,8,865,433,478,11,48,49,5,5,32,17,3.266666667
1,0,1,0,0,1,1,1,0,7,586,318,334,11,100,236,18,10,31,17,11.8
0,0,0,0,1,1,2,5,1,8,1158,365,429,12,38,70,10,10,30,6,8.75
1,0,0,1,0,1,1,6,1,7,1127,384,560,14,85,419,18,13,32,0,8.729166667
0,0,0,0,1,1,1,4,0,8,2192,476,539,7,18,25,25,25,37,5,25
1,0,0,0,1,1,1,5,1,8,1901,403,418,5,32,29,5,4,29,5,4.142857143
1,0,1,0,0,1,1,4,1,8,517,287,327,18,36,140,50,15,37,4,12.72727273
0,1,0,0,0,1,1,4,0,8,844,380,431,9,15,15,15,15,37,5,15
0,0,0,0,1,1,1,2,1,8,807,369,411,9,25,60,20,15,36,2,15
0,0,0,1,0,1,2,5,1,8,561,353,374,6,20,25,12,3,28,8,8.333333333
0,0,0,1,0,1,1,4,0,8,468,244,259,22,34,33,7,5,33,12,5.5
0,1,0,0,0,1,2,4,1,8,445,257,275,26,25,41,11,10,31,7,8.2
0,1,0,0,0,0,1,1,1,8,849,350,391,11,14,15,15,15,36,5,15
1,0,0,1,0,0,1,3,1,8,537,248,307,29,26,92,25,15,31,1,15.33333333
1,0,1,0,0,1,1,4,1,8,474,279,321,16,36,43,12,12,31,11,7.166666667
0,1,0,0,0,1,1,2,0,1,580,213,264,21,39,60,15,15,31,4,12
0,0,0,0,1,1,1,4,0,9,1348,470,641,0,69,237,10,5,30,1,5.386363636
0,0,0,0,1,1,1,4,1,8,1289,466,521,4,71,165,15,5,30,13,5.689655172
0,1,0,0,0,1,1,4,0,8,1879,345,460,13,25,32,6,5,30,4,4.571428571
0,0,0,0,1,1,1,5,0,8,1518,464,562,7,91,557,25,19,29,2,9.283333333
0,0,0,0,1,1,1,2,1,8,956,248,321,24,16,15,15,15,37,5,15
0,0,0,0,1,1,1,4,1,8,4174,661,717,0,28,51,10,10,28,5,7.285714286
0,0,0,1,0,1,1,4,1,2,370,183,238,41,60,120.5,12,12,36,7,10.04166667
0,1,0,0,0,1,1,4,1,8,504,172,255,36,23,25,15,15,32,5,12.5
1,0,0,0,1,1,1,5,0,8,3614,423,514,9,44,55,25,25,36,4,18.33333333
1,0,1,0,0,1,1,5,1,3,547,324,346,10,63,100,10,10,36,2,5.263157895
0,1,0,0,0,1,1,4,1,5,589,316,367,15,48,104,21,21,37,6,10.4
1,1,0,0,0,1,1,2,1,8,849,422,439,10,71,87,6,5,30,3,4.35
1,0,0,1,0,1,1,1,1,2,318,213,233,38,60,227.01,15,6,30,5,8.731153846
0,0,0,0,1,1,1,2,1,2,985,292,327,18,51,110,26,23,28,8,15.71428571
0,0,0,1,0,1,1,2,1,1,476,226,269,42,66,119,20,20,37,2,10.81818182
1,0,0,1,0,0,1,5,1,8,270,208,258,35,19,35,20,10,34,4,11.66666667
1,0,0,1,0,1,2,5,1,8,452,324,331,20,28,34,11,10,23,33,6.8
0,0,1,0,0,1,1,4,0,3,525,308,317,21,43,80,15,15,33,9,11.42857143
1,0,1,0,0,0,1,1,0,0,315,238,256,28,62,171,20,20,37,26,17.1
0,0,1,0,0,1,1,5,0,7,492,427,447,6,51,165,25,25,37,0,23.57142857
0,0,0,1,0,1,1,7,0,8,2225,839,900,0,27,35,15,15,36,3,11.66666667
0,0,0,1,0,1,1,5,1,4,665,242,305,24,60,275,20,10,31,2,11.95652174
1,1,0,0,0,1,1,5,0,5,349,133,210,55,62,140,9,6,30,12,6.363636364
1,0,0,1,0,0,1,1,0,3,468,309,341,18,67,115,15,15,34,26,11.5
1,0,0,0,1,1,1,4,1,8,567,301,345,10,28,133,25,20,29,1,14.77777778
1,0,1,0,0,1,1,4,0,6,980,495,594,7,79,304,25,13,34,4,10.13333333
1,1,0,0,0,1,1,2,0,8,1077,516,655,6,41,38.5,10,5,28,3,4.277777778
0,1,0,0,0,1,3,3,1,8,1001,416,491,9,24,32,11,6,28,3,8
0,0,0,1,0,0,1,4,0,8,947,342,494,12,21,30,10,10,34,1,10
1,0,0,0,1,1,1,5,1,8,1573,409,487,11,38,35,10,5,29,4,5.833333333
1,1,0,0,0,1,2,5,1,6,792,367,413,17,37,69,8,7,33,2,5.307692308
1,0,1,0,0,1,1,5,1,8,726,515,539,7,63,159,15,15,30,3,9.9375
1,0,1,0,0,1,1,4,1,0,209,181,209,48,67,74,7,7,31,9,4.352941177
0,0,0,1,0,1,2,6,0,8,725,236,270,26,20,30,30,30,37,5,30
1,0,0,0,1,0,1,2,1,4,2688,367,449,4,67,121,12,12,36,0,8.642857143
1,0,0,0,1,1,1,4,1,2,1040,342,367,17,63,104,10,10,29,6,6.933333333
1,1,0,0,0,1,1,4,1,8,753,258,326,20,30,43,12,10,33,10,10.75
1,0,0,1,0,0,1,1,1,8,1116,484,495,2,62,135,11,6,31,13,7.941176471
1,1,0,0,0,1,1,4,1,0,774,182,253,35,64,121.5,13,8,29,11,7.59375
0,0,0,0,1,1,1,5,1,8,1244,283,351,19,60,86,10,10,30,7,5.733333333
1,0,1,0,0,1,1,3,0,8,609,386,397,7,45,114,17,15,24,8,11.4
0,1,0,0,0,0,1,1,1,8,1642,460,569,11,30,91,25,25,28,2,18.2
1,0,0,1,0,1,1,7,0,8,660,318,375,17,60,120,25,25,33,3,7.5
0,1,0,0,0,1,1,7,0,8,1932,639,817,2,62,543,100,100,27,3,77.57142857
1,1,0,0,0,1,1,4,0,1,649,245,361,21,43,77,25,10,28,18,15.4
1,0,1,0,0,0,1,3,1,8,297,252,290,20,26,35,10,10,29,2,5.833333333
0,0,0,0,1,1,1,5,1,8,592,354,369,16,66,78,6,6,32,5,3.545454546
1,0,1,0,0,0,1,4,1,8,547,375,375,3,24,33,10,7,29,4,5.5
1,0,1,0,0,1,1,5,1,3,694,303,370,15,37,59,12,10,30,8,8.428571429
1,0,0,1,0,1,1,4,1,7,713,479,473,2,47,78,10,6,29,8,7.090909091
0,0,0,0,1,0,1,3,0,5,2637,398,500,13,35,71,16,15,35,6,10.14285714
0,0,1,0,0,0,1,2,1,4,553,316,354,6,50,84,16,16,30,2,9.333333333
0,0,0,1,0,1,1,7,1,5,874,542,558,7,73,98,10,10,31,12,6.533333333
1,1,0,0,0,1,1,4,1,8,591,296,344,14,27,57,13,12,28,9,11.4
1,0,0,0,1,0,1,4,1,8,462,272,312,8,24,47,11,10,30,4,9.4
1,1,0,0,0,1,1,4,1,9,2340,634,738,0,40,111,20,12,31,4,11.1
1,0,1,0,0,0,1,2,1,8,308,273,329,19,24,41,7,5,30,2,5.125
1,0,0,1,0,0,1,4,0,6,490,302,346,16,53,90,5,5,31,4,5
0,0,1,0,0,0,1,1,1,0,468,303,329,20,66,123,6,5,30,13,3
1,1,0,0,0,1,1,4,0,4,524,273,348,18,81,177,17,8,31,4,6.555555556
1,1,0,0,0,0,1,7,0,8,436,220,252,36,17,25,25,25,37,5,25
0,0,0,1,0,0,1,3,1,8,407,288,336,17,27,36,6,5,34,3,5.142857143
1,1,0,0,0,1,1,4,0,8,359,308,297,27,23,56,12,12,29,4,11.2
0,1,0,0,0,1,1,2,1,3,554,294,348,16,58,113,25,25,37,13,11.3
0,1,0,0,0,1,1,4,1,8,451,236,283,28,25,45,25,25,36,5,15
0,0,0,0,1,1,1,2,1,8,2330,324,371,20,35,42,20,20,36,11,14
0,0,0,0,1,1,1,5,0,5,888,326,360,16,38,73,26,26,33,14,18.25
0,0,0,0,1,0,1,2,1,8,1357,444,468,8,28,65,25,25,31,9,21.66666667
1,0,0,0,1,1,1,4,0,6,1383,287,382,23,45,108,15,3,18,3,6.75
1,0,0,1,0,1,1,4,1,7,848,403,455,9,68,130,5,5,30,6,3.939393939
0,0,0,0,1,1,1,4,0,8,1625,171,263,24,41,117,17,15,28,7,14.625
0,0,0,0,0,0,1,2,0,8,4607,587,658,5,24,36,11,10,29,7,9
0,0,0,0,1,1,1,7,1,8,1338,507,619,2,26,74,20,12,29,3,12.33333333
1,0,0,0,1,0,1,6,0,1,1663,347,399,15,92,894,40,20,31,9,27.09090909
0,0,0,0,1,1,1,5,0,8,2137,571,590,0,60,81,14,14,29,6,7.363636364
0,0,0,1,0,1,1,2,1,8,1033,475,517,5,22,24,19,19,34,10,12
1,0,0,1,0,1,1,4,1,6,641,399,410,7,69,135,15,10,37,10,7.941176471
1,0,1,0,0,1,1,5,1,6,346,370,368,11,84,112,20,12,30,3,14
1,0,0,0,1,1,1,4,1,8,1374,469,496,8,52,117,25,25,29,3,16.71428571
0,0,0,1,0,1,1,4,0,8,2058,261,370,37,53,99,15,15,31,9,9
1,0,0,0,1,0,1,2,1,8,707,386,430,18,53,85,14,14,31,4,7.083333333
1,0,0,0,1,0,1,2,1,1,659,206,250,32,84,291,15,8,32,0,8.818181818
0,0,0,0,1,1,1,7,1,4,511,254,316,30,74,136,20,15,34,4,7.157894737
1,0,0,0,1,1,1,5,1,4,979,353,439,6,73,126,12,12,33,7,7.875
1,0,0,0,1,1,1,4,0,6,737,425,445,8,68,228,25,25,17,16,16.28571429
0,0,0,1,0,0,1,3,1,8,493,310,345,10,44,62,15,15,32,9,10.33333333
0,0,0,0,1,1,1,4,0,8,5697,838,888,7,62,79,20,15,37,15,8.777777778
1,0,1,0,0,1,1,3,1,8,831,378,392,16,50,98,5,5,29,7,3.161290323
1,0,0,1,0,1,1,2,1,6,1011,426,455,11,147,464,14,7,30,4,8.285714286
0,0,0,1,0,0,1,4,0,8,5432,1068,996,0,35,103,16,15,30,4,10.3
1,1,0,0,0,1,1,4,0,8,1157,288,473,8,16,23,11,11,28,5,7.666666667
0,0,0,0,1,1,1,5,0,6,1888,464,481,13,60,120,30,30,32,5,17.14285714
0,0,1,0,0,1,1,3,1,7,746,427,436,13,39,56,15,15,34,9,11.2
1,1,0,0,0,0,1,3,1,8,357,181,178,48,12,20,20,20,31,5,20
0,1,0,0,0,1,1,2,1,4,622,314,330,10,82,311,15,10,34,6,8.885714286
1,0,0,0,1,0,1,2,1,1,639,274,343,15,46,65,12,10,29,1,7.222222222
1,0,1,0,0,1,1,4,1,8,2566,835,905,2,27,42,15,12,31,6,10.5
1,0,0,0,1,1,1,4,1,7,1040,363,441,25,67,433,31,31,37,6,15.46428571
0,0,0,0,1,1,1,4,1,2,841,304,354,21,73,235,25,20,36,5,14.6875
0,0,0,0,1,1,1,3,0,8,628,311,327,14,19,35,15,10,31,3,11.66666667
0,0,1,0,0,1,1,5,0,5,1085,304,397,22,62,163,15,5,35,6,7.761904762
0,1,0,0,0,1,1,3,1,8,556,296,324,12,26,57,25,25,31,6,14.25
0,0,0,1,0,1,1,1,1,3,421,199,226,36,39,62,16,16,37,3,6.888888889
0,0,0,0,1,1,1,5,1,8,688,321,335,12,23,30,10,5,33,8,7.5
1,0,0,0,1,1,1,7,0,8,4620,762,811,5,17,25,25,25,37,5,25
0,0,1,0,0,1,1,1,1,8,399,351,359,16,28,45,10,10,31,3,7.5
0,0,0,0,1,0,1,2,1,8,2382,406,413,18,23,34,8,8,32,4,6.8
1,0,0,0,1,1,1,5,1,8,1675,382,408,14,49,65,8,6,32,4,5
1,0,0,0,1,0,1,4,1,8,748,280,357,26,16,20,20,20,32,5,20
0,0,0,1,0,1,1,2,1,3,338,250,265,23,54,138,15,15,37,4,11.5
0,0,0,0,1,1,1,6,0,8,713,288,339,19,33,118,53,10,30,4,23.6
0,0,0,0,1,1,1,4,1,5,2353,442,511,11,81,178.04,7,5,33,3,4.565128205
0,0,0,0,1,1,1,4,1,8,601,288,330,26,29,36,11,10,32,8,9
0,1,0,0,0,1,1,2,1,3,919,287,349,13,104,384,12.5,11,34,4,9.6
1,0,1,0,0,0,1,2,1,8,798,430,447,7,43,70,10,5,31,7,5.833333333
1,0,1,0,0,1,1,2,1,8,353,235,263,16,35,47,5,2,30,3,2.764705882
1,0,0,0,1,1,1,4,1,7,2684,408,550,9,57,99,26,26,33,12,16.5
1,1,0,0,0,1,1,4,1,8,507,313,336,16,48,63,6,6,29,1,4.5
1,0,0,0,1,1,1,4,1,6,468,218,264,29,89,281,40,40,28,3,10.40740741
1,0,0,0,1,1,1,3,1,8,4675,981,987,2,33,77,25,23,34,6,19.25
1,0,0,1,0,1,1,4,1,8,1087,597,636,0,56,186,100,5,26,4,18.6
1,0,0,0,1,1,1,7,1,9,3914,754,816,1,61,140,25,15,33,8,15.55555556
1,0,0,1,0,1,1,4,1,4,597,307,369,22,52,134,24,24,37,14,14.88888889
0,1,0,0,0,1,1,4,1,7,1509,531,550,2,68,125,15,15,29,6,11.36363636
0,0,0,0,1,1,1,7,1,8,2254,414,500,11,68,238,25,20,31,7,17
0,0,1,0,0,1,1,5,1,9,2218,686,817,2,45,87,17,15,33,7,12.42857143
1,0,0,1,0,1,1,4,1,8,409,283,306,24,25,61,14,9,33,6,10.16666667
1,0,0,1,0,1,1,4,0,6,486,360,366,7,56,84,15,15,37,15,10.5
1,0,0,0,1,1,1,4,1,1,1507,253,329,25,56,72,20,19,18,10,12
0,0,0,0,1,1,1,5,0,9,243,161,209,46,72,194,15,15,34,6,10.77777778
1,0,0,1,0,1,1,1,1,7,541,404,402,9,45,124,10,10,30,2,8.266666667
0,1,0,0,0,0,1,2,1,1,525,196,224,35,40,70,20,20,30,10,14
1,0,0,1,0,1,1,2,1,1,649,261,311,15,49,238,28,27,37,12,26.44444444
1,0,1,0,0,1,1,4,1,9,1182,562,601,1,39,73,20,17,29,12,14.6
1,0,0,0,1,1,1,4,1,8,695,398,419,9,42,123,36,36,37,8,30.75
0,0,0,1,0,1,1,5,1,8,412,270,317,12,35,37,7,5,32,1,5.285714286
1,0,0,0,1,1,2,7,1,9,1781,578,639,5,54,74,10,5,29,3,5.692307692
1,0,1,0,0,1,1,6,0,6,510,382,422,4,56,72,10,10,34,5,8
0,0,0,0,1,1,1,2,1,8,856,398,454,5,26,36,10,6,28,4,6
1,0,1,0,0,0,1,1,1,4,633,338,376,15,57,145,9,9,30,3,6.590909091
1,0,1,0,0,1,1,7,0,8,838,298,334,19,28,35,15,15,31,11,11.66666667
0,0,0,1,0,1,1,4,1,8,639,293,316,25,22,30,20,20,35,6,15
1,1,0,0,0,1,1,2,0,6,857,365,401,10,57,116,12,6,28,9,8.923076923
0,0,0,0,1,1,1,2,1,8,1639,610,677,2,40,147,30,30,29,27,18.375
0,0,0,0,1,1,1,4,0,1,846,368,399,2,81,158,20,15,33,1,10.53333333
0,0,0,0,1,1,1,6,1,8,3486,614,670,6,27,47,17,17,31,9,15.66666667
1,0,0,0,1,0,1,2,1,8,594,158,202,47,26,31,6,5,28,2,5.166666667
1,0,1,0,0,1,2,2,0,8,565,342,384,16,31,97,15,10,30,2,8.083333333
1,0,0,0,1,1,1,5,0,8,1009,315,363,15,33,57,25,20,36,6,14.25
0,0,0,0,1,1,1,4,1,4,769,423,471,2,38,66,15,10,32,12,11
0,0,1,0,0,0,1,2,0,8,458,257,288,23,31,50,20,20,31,8,12.5
1,1,0,0,0,1,1,4,1,8,484,315,352,19,62,150,11,8,22,0,6.818181818
0,0,0,1,0,0,1,2,1,1,257,217,258,29,56,126,7,5,33,3,5.04
0,0,0,0,1,1,1,4,1,8,625,71,90,90,42,39,10,2,28,2,4.875
1,0,1,0,0,1,1,4,1,2,502,260,302,24,48,133,13,13,31,9,11.08333333
1,0,0,0,1,1,1,1,1,5,2209,417,456,0,67,123,14,14,36,2,8.2
0,0,1,0,0,1,1,4,1,8,461,321,345,18,51,129,9,7,34,13,7.166666667
0,0,1,0,0,0,1,7,1,8,610,273,328,22,12,15,15,15,31,5,15
1,0,0,0,1,0,1,4,1,9,404,278,328,21,58,130,30,30,37,8,18.57142857
1,0,1,0,0,0,1,2,1,8,521,319,345,10,60,82,10,8,31,30,6.833333333
1,0,0,0,1,0,1,5,0,9,4672,534,609,3,49,89,13,10,30,10,9.888888889
0,0,0,0,1,1,1,7,0,8,3897,547,723,0,30,67,25,22,34,5,22.33333333
1,1,0,0,0,0,1,1,1,8,874,338,376,14,43,86,13,11,29,4,7.166666667
1,0,1,0,0,0,1,2,1,8,538,265,298,17,32,46,15,15,31,15,11.5
1,0,0,0,1,1,1,2,1,8,908,515,635,4,57,100,5,3,28,3,3.703703704
0,0,0,1,0,1,1,4,1,0,730,303,365,22,47,84,18,18,35,2,9.333333333
1,0,0,0,1,1,1,4,1,8,963,349,399,14,40,91,10,10,31,2,6.066666667
0,0,0,0,1,1,1,4,1,0,2510,477,525,11,51,153,12,10,31,7,9.5625
1,0,0,1,0,1,1,7,1,8,750,438,454,10,21,40,25,15,33,4,20
0,0,0,0,1,1,1,7,0,8,2044,585,635,0,108,227,15,15,17,5,6.878787879
1,0,0,1,0,1,1,4,1,8,1122,499,582,2,29,38,10,10,29,6,7.6
1,0,0,0,1,1,1,4,1,0,933,171,220,41,41,91,30,30,31,9,18.2
1,0,0,1,0,1,1,4,0,7,769,293,325,14,62,341,15,10,31,3,9.472222222
0,0,0,0,1,1,1,4,1,8,661,321,379,7,25,55,20,20,31,5,13.75
0,0,0,1,0,1,1,4,0,8,0,0,0,0,19,25,25,25,37,5,25
1,0,1,0,0,0,1,2,0,8,282,163,218,47,22,32,7,7,31,4,5.333333333
0,0,0,0,1,1,1,2,1,4,3002,610,628,4,52,144,15,10,31,8,6.260869565
1,0,0,1,0,1,1,7,1,8,1012,568,602,2,47,72,13,7,33,4,6.545454546
0,0,0,1,0,1,1,2,1,8,521,255,293,27,70,125,6,4,32,8,4.166666667
0,0,0,0,1,1,1,2,1,4,580,335,352,19,72,246,21,21,30,13,13.66666667
1,1,0,0,0,1,1,4,1,8,536,332,331,18,15,20,20,20,37,5,20
1,0,0,1,0,1,1,4,1,2,368,207,239,35,68,152,6,5,32,6,4.606060606
1,0,0,1,0,1,2,7,0,9,1165,742,761,2,58,83,12,12,31,8,8.3
1,0,0,0,1,1,1,4,0,8,1740,281,327,13,24,55,30,30,31,6,27.5
1,0,0,0,1,0,1,5,1,0,336,171,211,44,77,1174,50,25,30,3,21.34545455
1,0,1,0,0,0,1,1,1,8,692,271,330,15,36,69,5,3,28,3,3.285714286
0,1,0,0,0,0,1,2,0,8,383,188,228,39,32,120,30,30,34,3,24
0,0,0,1,0,1,1,4,0,8,465,341,370,15,53,121,15,15,31,3,10.08333333
0,1,0,0,0,0,1,1,1,3,509,299,323,17,79,242,30,9,32,11,11.52380952
1,0,0,0,1,1,1,6,0,8,3705,558,599,8,34,60,9,8,30,6,6.666666667
0,1,0,0,0,1,1,5,1,9,1177,618,651,1,58,94,16,15,37,7,10.44444444
0,0,0,0,1,1,1,5,1,8,1695,839,926,6,37,51,16,15,33,10,12.75
0,0,1,0,0,0,1,2,0,6,740,428,419,11,51,147,25,25,37,2,16.33333333
0,0,1,0,0,0,1,2,1,8,372,307,343,15,25,40,11,6,32,5,6.666666667
1,0,0,0,1,0,1,1,1,8,1953,445,483,12,71,108,11,10,31,4,3.857142857
1,1,0,0,0,1,1,7,1,9,1082,457,482,16,79,190,10,10,29,6,10
0,1,0,0,0,1,1,4,1,8,276,182,189,46,27,60,20,20,31,8,20
0,1,0,0,0,1,1,7,1,8,600,353,380,14,23,35,15,15,31,4,11.66666667
1,1,0,0,0,1,1,4,1,7,886,420,475,12,70,132,9,5,30,10,4.258064516
1,0,0,1,0,1,1,6,0,2,880,291,319,19,66,73,5,3,29,4,3.173913044
0,0,0,0,1,1,1,4,0,6,1804,373,467,8,77,289,30,30,35,31,19.26666667
0,0,0,1,0,1,1,4,1,8,917,560,573,0,19,25,25,25,37,5,25
1,0,0,1,0,0,1,4,1,0,648,254,320,24,74,148,5,3,34,4,3.14893617
0,0,0,1,0,1,1,4,1,7,616,404,437,12,78,228,20,20,29,2,8.142857143
1,0,0,1,0,1,1,4,0,8,1133,390,437,17,22,30,30,30,37,5,30
0,0,0,1,0,1,1,4,1,8,550,252,286,18,22,22,10,7,31,5,7.333333333
0,0,0,0,1,1,1,1,1,8,508,286,275,21,75,106,9,7,28,9,5.578947368
1,0,0,1,0,0,1,5,0,8,857,334,398,20,25,33,7,7,29,3,5.5
1,0,0,1,0,1,1,5,0,9,989,551,594,0,65,204,30,10,25,5,12.75
0,0,0,0,1,1,1,4,1,8,843,157,232,49,32,61,11,10,28,6,7.625
0,0,0,1,0,1,2,5,0,2,327,269,305,24,74,150,10,10,31,6,6.52173913
1,0,1,0,0,0,1,1,1,1,221,199,230,34,66,84,10,3,32,9,2.709677419
1,0,0,0,1,1,2,4,0,8,653,394,423,6,30,57,14,12,33,6,11.4
1,0,0,0,1,1,1,4,1,8,1375,279,203,40,34,57,25,25,37,6,14.25
1,0,0,0,1,1,2,6,0,8,4072,581,680,5,37,46,18,10,28,6,15.33333333
1,0,0,0,1,1,1,4,1,6,2109,389,471,9,65,114,10,10,33,7,6.705882353
1,1,0,0,0,1,1,4,1,9,2332,515,670,6,41,73,15,15,31,13,8.111111111
0,0,0,0,1,1,1,5,0,8,642,323,393,9,25,45,13,13,31,6,9
0,0,0,0,1,0,1,1,0,8,1316,271,298,26,26,57,21,21,29,7,19
0,0,0,0,1,1,1,1,0,7,1947,519,517,9,51,87,15,5,30,7,8.7
1,0,0,0,1,0,1,2,1,3,783,340,416,20,66,163,16,10,34,6,10.86666667
0,0,0,0,1,1,1,7,0,8,3416,287,400,17,16,15,15,15,37,5,15
1,1,0,0,0,0,1,2,0,8,423,252,281,34,34,76,12,10,29,6,6.333333333
0,0,0,0,1,1,1,6,0,8,1118,556,630,0,25,38,16,12,31,7,12.66666667
0,0,0,0,1,1,1,2,1,1,1001,226,280,30,59,124,20,14,29,9,13.77777778
0,0,0,0,1,1,1,3,1,5,593,308,317,27,83,140,10,5,28,12,4.375
1,1,0,0,0,1,1,7,1,9,963,505,511,4,60,87,10,10,35,11,7.25
1,1,0,0,0,1,1,4,0,8,609,311,339,11,20,42,22,22,32,5,21
1,0,0,0,1,1,1,2,1,8,888,288,390,29,25,64,17,15,18,6,16
0,0,0,1,0,1,1,5,1,8,1017,540,524,6,36,59,10,10,29,2,8.428571429
1,0,1,0,0,1,1,4,0,8,535,355,365,12,18,25,25,25,37,5,25
0,0,0,0,1,1,1,4,1,7,971,377,448,14,64,95,20,20,36,5,7.916666667
1,0,0,0,1,1,1,4,1,4,1266,410,433,7,60,90,12,12,31,3,6.923076923
1,0,0,1,0,1,1,2,0,8,377,189,271,41,28,80,10,10,31,2,10
0,0,0,0,1,1,1,1,0,8,459,372,391,12,37,92,11,10,31,5,9.2
0,0,0,0,0,1,1,4,0,2,1269,321,328,17,47,86,15,13,29,12,9.555555556
0,0,0,0,1,1,1,4,1,3,950,324,331,22,99,727,20,11,37,5,9.95890411
0,0,1,0,0,1,1,3,1,8,244,213,238,32,45,47,15,15,36,3,7.833333333
1,0,0,0,1,1,1,7,1,8,1111,357,413,5,24,38,12,12,28,5,9.5
0,1,0,0,0,1,1,4,1,8,1408,438,521,7,53,88,21,5,31,5,5.5
1,0,0,0,1,1,1,7,0,8,1855,422,543,0,47,60,20,5,37,2,8.571428571
1,0,0,1,0,1,1,4,1,8,449,147,213,53,33,48,6,5,31,12,4.363636364
1,0,0,0,1,1,1,6,1,8,3059,749,785,3,23,60,25,20,29,6,20
1,0,0,0,1,1,1,5,1,8,2610,616,621,5,22,30,15,15,32,5,15
1,1,0,0,0,1,1,4,1,8,886,453,505,5,87,608,25,20,29,7,13.51111111
0,0,0,0,1,1,1,3,0,7,1034,455,482,0,47,86,20,20,30,4,12.28571429
1,0,1,0,0,0,1,3,0,4,530,295,319,19,82,242,12,9,32,7,7.5625
0,0,0,0,1,1,1,4,1,8,4270,498,661,7,38,129,14,6,32,3,11.72727273
1,0,0,0,1,1,1,4,1,8,1084,510,518,7,49,91,10,10,32,1,7.583333333
0,0,0,1,0,1,1,4,1,8,665,263,324,18,50,55,5,5,32,8,5
1,0,0,1,0,1,1,4,1,8,634,310,394,12,28,41,24,24,29,9,10.25
1,1,0,0,0,0,1,4,0,8,1481,413,472,11,27,32,5,4,34,1,4
1,0,0,1,0,0,1,6,0,8,1081,421,542,12,24,46,10,8,31,1,7.666666667
0,0,0,1,0,0,1,2,1,1,430,179,215,39,68,129,10,10,36,3,8.6
0,0,0,0,1,1,1,2,1,5,2327,393,476,23,57,54,5,5,30,38,2.842105263
0,0,0,0,1,0,1,1,1,8,1464,197,245,35,20,32,12,12,31,3,10.66666667
1,0,1,0,0,1,1,4,0,8,363,308,311,21,30,73,20,7,35,2,8.111111111
1,0,0,1,0,1,1,1,1,5,632,402,421,10,75,185,13,10,17,3,8.80952381
1,0,0,1,0,1,1,3,1,7,634,429,426,8,64,72.5,10,10,30,8,5.576923077
1,0,0,1,0,1,1,5,0,9,1366,754,724,5,69,105,10,5,30,18,6.5625
1,0,0,0,1,1,1,7,1,8,1726,530,593,3,23,115,50,50,30,7,28.75
0,1,0,0,0,1,1,5,1,2,618,256,291,27,54,126,11,10,31,4,9.692307692
1,1,0,0,0,1,1,5,1,4,567,304,354,20,63,98,25,25,33,8,10.88888889
1,0,0,0,1,1,1,4,1,6,1602,452,485,3,71,69.25,6,5,34,7,3.297619048
0,0,0,0,1,0,1,2,1,8,1842,183,246,27,26,41,15,10,18,5,10.25
1,0,0,0,1,0,1,2,1,4,228,273,290,23,52,245,20,20,28,11,14.41176471
1,1,0,0,0,1,1,4,1,8,503,314,311,18,36,33,10,6,33,3,4.714285714
1,0,1,0,0,0,1,2,1,2,489,274,304,21,144,1622,1000,5,24,5,23.85294118
0,0,0,1,0,1,1,4,0,6,635,411,470,13,54,139,20,20,29,5,11.58333333
0,0,0,0,1,1,1,4,1,8,744,357,384,0,37,58,15,4,29,5,5.272727273
0,0,0,0,1,1,1,7,0,2,2661,643,680,5,79,91,6,3,29,6,3.37037037
0,0,0,0,1,1,2,4,0,8,1068,519,565,1,36,32,6,5,31,4,4.571428571
1,1,0,0,0,0,1,2,0,8,964,433,505,12,28,68,10,10,29,6,7.555555556
1,0,1,0,0,1,1,2,1,8,588,271,335,15,23,25,15,5,32,8,8.333333333
1,0,0,0,1,1,1,7,0,8,3941,786,811,1,24,100,50,50,31,4,33.33333333
0,1,0,0,0,1,1,7,1,8,1676,675,752,2,42,48,11,8,29,11,6.857142857
0,0,1,0,0,0,1,2,1,8,744,393,416,0,61,95,10,5,23,4,5.9375
1,0,0,0,1,1,1,4,1,8,1939,560,600,2,81,117,9,5,21,15,6.157894737
1,0,0,0,1,1,1,2,1,1,504,219,314,35,73,102,5,5,31,11,3
1,1,0,0,0,1,1,2,1,7,731,410,374,17,78,175,6,5,30,4,5
1,0,0,0,1,0,1,6,1,8,3976,1022,989,0,35,66,25,25,37,6,8.25
1,0,0,0,1,1,1,4,0,8,910,453,491,8,17,25,25,25,37,5,25
1,0,1,0,0,0,1,3,0,8,900,398,425,5,36,83,20,19,31,11,16.6
1,0,0,0,1,1,1,5,1,8,957,506,528,13,19,23,15,15,29,8,11.5
0,0,0,1,0,1,1,4,0,6,1401,756,812,2,52,246,32,25,31,3,17.57142857
1,0,0,0,1,0,1,2,0,5,1424,433,420,6,68,117,5,3,28,13,4.5
0,0,0,1,0,0,1,7,1,8,437,325,338,14,25,36,16,10,35,5,12
0,1,0,0,0,0,1,2,0,8,684,297,357,22,59,124,12,11,32,4,9.538461539
1,0,0,0,1,0,1,7,0,9,2564,516,640,11,54,119,11,8,28,3,7.933333333
1,0,0,0,1,1,1,5,1,8,1575,425,437,12,40,111,25,20,31,77,13.875
0,0,0,0,1,1,3,3,1,8,949,273,315,24,32,108,12,12,29,3,10.8
0,0,0,0,1,1,1,4,1,4,452,247,293,26,90,196,10,10,23,1,5.939393939
1,0,0,1,0,1,1,7,1,8,3646,897,973,3,24,29,10,6,29,4,5.8
0,0,0,1,0,1,1,5,1,6,826,424,492,4,61,112,21,21,36,8,10.18181818
0,0,0,0,1,1,1,5,1,8,1525,468,601,11,35,45,5,5,28,3,5
0,0,0,1,0,1,1,2,0,8,250,200,237,34,23,27,15,5,33,2,6.75
1,0,0,0,1,1,1,5,0,8,736,253,284,30,31,125,25,25,35,5,25
1,1,0,0,0,1,1,4,1,8,1173,455,544,10,56,53,6,2,30,8,3.117647059
0,0,0,1,0,1,1,1,0,1,407,198,230,39,38,70,25,25,37,15,23.33333333
1,0,1,0,0,0,1,4,0,1,350,252,311,25,80,181,17,15,34,8,10.05555556
1,0,0,0,1,0,1,2,0,8,652,225,289,29,23,26,16,16,30,7,13
1,0,0,1,0,0,1,5,0,8,1243,504,590,4,27,28,10,8,31,8,7
1,0,0,0,1,1,1,5,0,4,1927,385,400,10,70,97,6,5,30,11,4.619047619
0,0,0,0,1,1,1,4,1,7,1008,446,481,19,64,76.01,10,6,32,5,6.334166667
0,0,0,0,1,1,1,4,0,8,1940,266,308,17,33,93,8,8,30,2,6.2
0,0,0,0,1,0,1,5,1,8,3901,623,701,7,20,30,20,20,31,6,15
1,0,0,0,1,1,1,5,0,8,1146,372,505,14,45,105,10,5,30,8,7.5
0,0,0,1,0,1,2,7,1,9,3460,1080,1035,1,53,105,15,12,37,1,11.66666667
1,0,1,0,0,1,1,7,1,8,1592,682,724,3,46,89,30,19,34,11,22.25
0,0,1,0,0,1,1,2,1,8,385,303,326,14,49,66,30,30,30,13,9.428571429
0,0,1,0,0,0,1,7,1,8,1303,524,598,5,43,131,21,20,37,1,18.71428571
0,0,1,0,0,1,1,5,1,7,490,347,367,11,57,94,20,20,31,5,7.230769231
1,0,1,0,0,0,1,1,1,8,343,237,273,35,69,80,6,6,30,7,4.444444444
0,0,0,1,0,0,1,1,1,7,904,506,457,3,49,81,27,27,37,7,20.25
1,0,0,1,0,1,1,4,0,5,805,399,461,4,80,100.75,5,3,28,13,2.583333333
0,0,0,1,0,1,1,4,0,4,606,300,413,22,58,120,13,13,32,21,10.90909091
1,1,0,0,0,0,1,4,1,8,1013,318,372,6,24,28,10,8,29,4,7
1,0,1,0,0,0,1,5,0,5,409,315,386,16,63,68,6,5,30,14,4
0,0,0,1,0,1,1,4,1,7,1989,509,589,0,64,116,16,15,37,14,11.6
1,0,1,0,0,0,1,5,0,8,906,444,502,4,59,75,7,7,30,7,4.6875
0,0,1,0,0,0,1,3,0,8,753,404,368,21,21,20,15,15,35,7,10
0,1,0,0,0,1,1,2,0,5,474,278,292,30,67,249,16,10,29,4,11.31818182
1,1,0,0,0,1,1,3,1,4,870,299,346,11,41,61,20,15,29,11,12.2
0,1,0,0,0,1,1,4,1,8,1371,626,629,0,27,92,27,20,34,4,23
0,0,0,0,1,1,1,2,1,8,1300,261,325,18,33,66,15,15,28,7,11
0,0,0,0,1,1,1,7,0,9,5101,1299,1158,1,70,103.07,16,15,34,5,7.362142857
1,0,0,1,0,1,1,5,0,8,1518,585,572,0,25,65,20,20,30,4,13
1,1,0,0,0,1,1,6,0,1,521,259,291,25,77,199,15,12,34,5,9.95
0,0,0,0,1,0,1,2,1,8,1746,294,359,21,23,41,10,6,30,5,8.2
1,0,1,0,0,1,1,5,1,1,371,234,295,32,47,55,10,7,31,16,6.111111111
1,0,0,0,1,0,1,1,0,6,4127,701,797,4,66,188,15,10,31,4,10.44444444
1,0,0,0,1,1,1,4,1,4,940,355,384,10,42,57,15,15,31,19,9.5
1,0,0,1,0,1,1,2,0,6,441,340,381,13,58,67,7,5,31,4,4.785714286
1,1,0,0,0,1,1,2,0,1,455,194,215,18,69,94,10,3,28,20,3.357142857
1,0,0,0,1,1,1,1,1,8,626,383,404,7,64,111,7,4,31,5,4.826086957
1,0,0,0,1,0,1,2,1,8,3206,430,523,9,26,33,11,10,34,7,8.25
0,0,0,1,0,1,1,6,1,8,824,471,516,0,16,20,20,20,37,5,20
0,0,1,0,0,1,1,4,1,2,637,231,277,25,57,86,16,16,34,25,12.28571429
1,0,0,0,1,1,1,2,1,9,452,234,243,30,62,113,15,12,33,3,10.27272727
1,0,0,0,1,0,1,3,1,8,477,208,269,30,42,61,10,10,30,9,7.625
1,0,1,0,0,1,1,4,1,2,430,279,315,18,77,143,15,0,24,6,9.533333333
1,0,0,1,0,1,1,4,1,7,534,286,356,19,59,184,11,9,31,4,7.076923077
1,0,0,0,1,0,1,3,1,1,1567,342,464,16,34,55,5,5,29,14,5
0,0,0,0,1,1,1,4,0,4,0,0,0,0,66,133.75,17.5,17.5,30,2,8.359375
1,0,0,1,0,1,1,5,1,8,1244,649,700,0,54,73,7,7,30,12,5.214285714
1,0,0,0,1,1,1,5,0,9,4023,821,872,0,67,64,15,15,37,7,6.4
0,0,0,1,0,1,1,4,1,0,384,170,226,46,73,99,7,5,31,8,4.714285714
0,1,0,0,0,1,1,5,0,8,445,254,286,26,17,25,25,25,37,5,25
1,0,1,0,0,1,1,2,1,3,330,288,316,28,50,106,6,5,29,3,4.608695652
1,0,0,0,1,0,1,5,0,2,1071,327,380,8,50,173,25,10,31,4,13.30769231
1,0,0,0,1,1,1,3,0,8,1156,322,386,15,18,25,25,25,37,5,25
0,1,0,0,0,0,1,5,1,8,987,540,612,20,44,68,10,10,29,14,7.555555556
1,1,0,0,0,1,1,5,1,8,1758,490,671,13,26,29,5,4,31,3,4.142857143
0,0,0,0,1,1,1,1,0,8,1089,442,539,5,24,26,16,16,37,11,13
1,0,0,0,1,1,1,4,1,8,2478,561,610,2,25,65,25,25,35,4,21.66666667
1,0,0,0,1,0,1,3,1,8,1005,412,476,6,88,384,12,8,17,6,7.836734694
1,0,0,0,1,0,1,1,0,7,708,249,303,26,61,150,16,16,31,13,11.53846154
1,0,0,0,1,1,1,4,1,8,2463,584,617,11,30,60,9,6,30,1,6.666666667
0,0,0,0,1,1,2,4,0,8,1011,426,537,0,39,46,20,16,36,29,15.33333333
0,0,1,0,0,1,1,3,1,8,536,299,332,13,33,62,17,17,33,12,15.5
1,0,0,1,0,1,4,5,1,8,797,337,391,19,30,45,10,7,31,8,6.428571429
0,0,0,1,0,1,1,6,0,7,643,349,382,13,77,427,50,42,35,5,30.5
0,0,0,1,0,1,1,1,1,4,556,265,356,19,74,311,25,15,37,14,12.44
0,1,0,0,0,1,1,4,0,8,577,288,319,16,36,133,15,15,28,3,11.08333333
1,0,0,0,1,1,2,6,0,8,2526,413,456,15,26,35,10,10,31,5,8.75
0,0,0,1,0,1,1,5,0,9,1240,766,787,2,40,50,17,17,33,12,12.5
0,0,0,1,0,0,1,1,0,8,317,264,311,22,25,32,10,10,35,5,8
1,0,1,0,0,1,1,3,1,8,449,360,373,13,31,50,5,5,29,3,4.545454546
0,0,0,1,0,1,1,2,1,3,307,257,280,36,29,40,20,20,37,23,20
1,0,0,1,0,1,1,3,1,8,346,206,209,33,30,53,13,11,32,4,8.833333333
0,0,0,0,1,0,1,1,1,8,1193,441,486,12,30,80,35,35,29,12,26.66666667
1,1,0,0,0,1,1,2,1,4,392,220,280,32,70,67,10,10,31,8,3.52631579
0,1,0,0,0,1,1,6,1,8,1615,556,609,3,44,116,20,15,29,11,14.5
0,1,0,0,0,1,1,5,0,2,369,249,282,23,42,136,20,15,29,4,12.36363636
0,0,1,0,0,1,1,6,1,2,594,354,381,11,58,73,5,5,34,1,2.35483871
1,0,0,0,1,1,1,3,1,8,1397,528,606,8,57,71,10,7,33,6,7.1
0,0,1,0,0,1,1,6,0,8,910,395,518,0,54,75,8,8,28,3,6.818181818
0,0,0,1,0,0,1,5,1,3,376,284,365,21,60,102,6,3,30,7,3.4
1,0,0,0,1,0,1,2,1,8,1519,359,408,18,26,38,10,8,28,1,6.333333333
1,0,0,0,1,1,2,3,0,7,3337,516,597,4,46,116,10,10,31,5,6.444444444
0,1,0,0,0,0,1,6,0,9,1389,533,605,1,42,67,25,20,33,24,16.75
1,0,0,0,1,0,1,4,0,5,642,283,323,14,50,65,20,20,29,13,10.83333333
1,0,0,0,1,0,1,3,1,6,644,331,364,17,103,173,8,5,17,2,5.088235294
1,0,0,0,1,1,1,4,0,8,1369,329,355,28,22,27,11,11,31,3,6.75
0,1,0,0,0,1,3,5,0,7,1273,527,568,6,62,94,12,12,31,9,9.4
1,0,0,0,1,1,1,5,1,8,2083,296,356,19,40,57,10,10,30,9,7.125
1,1,0,0,0,1,1,1,1,8,705,238,383,29,20,20,15,15,37,5,10
0,0,0,0,1,0,1,2,1,4,1774,375,424,6,61,161,5,5,31,11,4.6
0,0,0,0,1,1,1,4,0,8,705,205,257,39,35,60,10,10,33,5,7.5
1,0,0,0,1,1,1,4,1,5,694,365,375,8,141,201,8,8,17,6,3.589285714
1,0,0,1,0,1,2,2,1,8,653,325,354,15,72,76,5,2,30,15,4
0,1,0,0,0,1,1,4,1,1,485,182,218,40,73,110,10,10,28,5,6.111111111
1,0,0,0,1,1,1,5,1,1,772,235,300,31,71,186,25,10,36,9,13.28571429
1,0,0,1,0,1,1,2,1,1,389,226,283,29,65,129,12,12,37,9,9.214285714
0,1,0,0,0,1,1,4,1,8,911,480,528,7,29,60,20,10,32,8,15
1,0,0,0,1,1,1,4,0,9,5672,1500,1150,2,35,150,50,50,37,0,50
1,0,0,0,1,1,1,4,1,8,1419,392,411,15,45,64,11,0,20,1,5.818181818
1,0,0,0,1,1,1,4,1,8,1084,352,430,6,55,104,11,5,28,3,6.117647059
0,0,0,1,0,1,1,4,0,0,400,182,242,42,59,131,11,9,33,7,8.1875
0,0,0,1,0,1,1,2,0,5,508,312,291,16,54,109,11,8,31,18,6.055555556
0,0,0,0,1,1,1,5,1,3,795,357,391,11,117,521,20,7,18,6,10.21568628
1,0,1,0,0,1,1,5,1,8,353,248,269,21,25,39,11,8,31,6,7.8
0,0,1,0,0,0,1,2,1,8,524,270,314,29,15,20,20,20,37,5,20
1,0,1,0,0,1,1,4,0,8,837,534,567,9,66,80,10,7,20,8,5.333333333
1,0,0,1,0,1,1,3,0,4,270,238,272,29,74,82,5,3,21,3,3.727272727
1,1,0,0,0,0,1,4,1,8,735,342,388,12,35,40,10,10,31,9,6.666666667
0,0,0,0,1,1,1,4,1,8,1011,250,314,18,25,47,11,11,29,2,9.4
0,0,0,1,0,1,1,2,1,8,246,119,183,63,17,20,15,15,29,7,10
1,0,0,1,0,1,1,5,1,8,631,407,457,13,31,33,10,3,34,6,4.714285714
1,1,0,0,0,1,1,4,1,7,1508,420,476,10,52,98,10,10,31,4,6.533333333
1,0,0,0,1,0,1,5,0,8,1061,505,525,0,21,36,10,8,29,2,7.2
1,1,0,0,0,1,1,5,1,8,460,229,267,33,28,36,16,16,35,9,12
0,0,1,0,0,1,1,1,1,8,728,116,209,55,84,280.5,30,24,18,14,14.025
0,0,0,0,1,1,1,4,1,8,553,245,264,20,41,78,10,10,33,8,7.8
0,0,0,1,0,1,1,7,0,9,2249,628,718,2,79,212,7,5,28,0,5.047619048
0,1,0,0,0,1,1,7,0,8,1803,350,406,24,62,138,20,20,37,7,12.54545455
0,0,0,1,0,1,1,7,1,5,1081,439,504,5,70,205,25,25,32,15,17.08333333
1,0,0,0,1,1,1,7,1,8,5926,1500,1331,0,26,111,26,26,29,2,22.2
1,0,1,0,0,1,1,4,1,7,625,444,439,3,79,156,20,20,19,1,5.2
1,0,1,0,0,1,1,7,1,9,1326,717,772,0,48,63,20,15,37,3,9
0,1,0,0,0,1,1,3,1,8,744,375,429,8,50,56,10,10,29,11,7
1,0,0,1,0,0,1,4,1,2,381,222,269,35,54,90,20,20,37,16,15
1,1,0,0,0,1,1,6,0,8,406,225,254,33,22,26,16,16,37,5,13
0,0,0,0,1,1,1,4,1,0,443,146,192,54,54,110,15,12,37,9,10
0,1,0,0,0,1,1,1,1,6,724,345,382,11,58,92,5,2,33,5,2.555555556
1,0,0,0,1,1,1,2,1,8,880,264,318,16,74,112,11,10,31,9,6.222222222
1,0,0,0,1,1,1,5,1,8,2917,514,547,5,23,27,15,9,32,6,9
0,1,0,0,0,1,1,4,1,8,490,156,196,48,44,47,5,5,31,5,4.272727273
1,0,0,0,1,0,1,3,1,8,680,290,335,20,21,34,7,3,28,3,4.857142857
1,0,1,0,0,1,1,6,1,8,995,465,495,6,15,15,15,15,37,5,15
0,0,1,0,0,0,1,2,0,7,875,308,348,15,67,145,15,14,30,12,8.055555556
0,0,0,0,1,1,1,4,0,8,4861,510,622,26,21,30,20,20,31,5,15
0,0,0,1,0,0,1,3,0,2,652,453,438,11,60,121,15,15,37,3,11
1,0,0,0,1,1,1,1,1,8,300,250,317,18,36,47,10,10,30,4,5.875
1,0,0,0,1,1,1,7,0,8,1758,599,642,7,62,133,9,8,28,2,7.388888889
1,0,0,1,0,1,1,4,0,8,313,251,314,23,19,30,10,10,28,4,10
1,0,0,0,1,1,1,2,1,1,1593,298,320,19,76,307,13,10,35,1,9.303030303
1,1,0,0,0,1,1,4,1,8,918,483,540,4,38,68,10,5,30,4,7.555555556
0,0,1,0,0,0,1,2,0,6,515,384,455,13,85,160,8,6,29,8,5.517241379
1,0,0,1,0,0,1,3,1,8,565,256,302,26,53,55,10,10,34,12,4.583333333
1,0,1,0,0,1,1,4,1,8,744,406,446,7,76,181,12,10,29,10,8.227272727
1,0,0,1,0,0,1,6,1,5,676,358,368,14,37,63,25,25,31,9,12.6
1,0,0,0,1,1,1,5,0,6,1039,422,471,6,57,109,10,8,28,11,6.055555556
1,0,0,0,1,1,1,7,1,8,2228,589,640,2,69,81,8,4,30,4,4.764705882
1,1,0,0,0,0,1,3,1,8,752,348,381,25,24,44,25,25,31,6,11
0,0,0,0,1,1,3,6,1,9,3138,654,684,8,41,72,15,10,31,16,10.28571429
1,0,0,0,1,1,1,4,0,8,956,494,529,2,38,80,15,10,35,8,7.272727273
0,0,0,0,1,1,1,4,0,8,782,421,463,6,26,60,20,15,31,2,15
1,1,0,0,0,1,1,6,1,8,608,242,272,19,24,28,7,6,29,6,5.6
1,0,0,0,1,1,1,7,1,8,4562,608,685,12,58,177,25,20,37,13,14.75
0,1,0,0,0,1,1,3,0,3,1108,366,396,6,54,70,6,6,28,3,3.888888889
0,0,0,1,0,0,1,3,1,8,951,264,340,28,70,306,25,20,18,2,15.3
0,1,0,0,0,1,1,4,1,8,902,414,438,11,69,207,13,5,34,21,7.666666667
0,0,0,0,1,1,1,5,0,7,2085,511,494,9,55,93,15,15,29,3,9.3
1,1,0,0,0,1,1,5,1,3,662,287,325,16,54,109,20,20,29,5,10.9
0,0,1,0,0,0,1,3,1,4,461,395,380,14,40,61,20,20,37,14,12.2
0,0,0,0,1,1,1,2,1,8,929,241,265,27,28,72,15,6,31,1,10.28571429
1,0,1,0,0,1,1,4,0,8,502,240,264,27,29,48,15,5,30,15,8
1,0,0,0,1,1,1,4,1,6,1288,385,464,16,56,129,21,21,31,13,12.9
1,0,1,0,0,1,1,2,0,8,379,239,303,26,21,30,15,15,32,5,15
0,1,0,0,0,1,1,4,0,8,700,483,371,11,23,100,50,50,37,4,50
1,1,0,0,0,1,1,6,0,9,2377,530,667,4,44,43,10,10,29,1,5.375
0,0,1,0,0,1,1,2,0,4,371,356,344,13,62,118,14,13,29,13,9.833333333
0,0,0,0,1,1,1,4,1,8,5369,839,878,3,30,45,15,14,30,3,11.25
1,1,0,0,0,1,1,4,0,8,693,308,337,10,16,15,15,15,36,5,15
1,0,0,1,0,1,1,4,1,3,467,274,349,13,73,316,30,25,28,17,21.06666667
1,0,0,1,0,0,1,1,0,4,507,315,330,16,58,128,17,15,30,15,14.22222222
1,0,0,0,1,1,3,6,1,8,1224,549,612,2,27,69,15,15,29,4,13.8
0,0,0,1,0,1,1,5,0,8,693,225,284,29,24,36,10,5,31,2,5.142857143
0,0,0,0,1,1,1,7,0,6,2047,465,524,7,43,56,15,15,36,12,9.333333333
0,0,1,0,0,1,1,3,0,6,779,418,458,15,50,86,20,20,36,3,9.555555556
0,0,0,0,1,1,1,3,1,8,2422,580,618,1,24,35,15,15,33,3,11.66666667
1,1,0,0,0,1,1,6,1,4,855,332,408,20,67,298,50,50,31,4,17.52941177
0,0,0,1,0,1,1,4,1,5,548,315,359,18,53,107,10,6,31,1,5.631578947
0,0,1,0,0,0,1,5,1,6,506,294,322,19,59,76,15,10,31,8,10.85714286
1,0,0,0,1,1,1,4,1,8,3507,929,971,0,22,32,12,12,32,1,10.66666667
0,1,0,0,0,0,1,1,0,8,752,372,400,7,23,31,11,9,34,2,7.75
0,0,0,1,0,0,1,1,1,2,343,234,282,27,52,66,10,10,31,9,6.6
0,0,0,1,0,0,3,5,0,6,853,459,567,4,68,188,20,15,36,11,10.44444444
1,0,0,0,1,1,1,5,1,8,937,298,313,14,30,45,10,5,29,3,6.428571429
0,0,0,0,1,1,1,6,0,8,3608,716,865,3,71,105,50,50,35,4,8.75
1,0,0,1,0,1,1,4,1,8,802,448,498,6,26,30,10,10,30,5,7.5
1,0,1,0,0,1,1,2,0,7,883,420,454,2,63,162,15,14,29,2,10.125
0,1,0,0,0,0,1,1,0,8,481,247,267,27,30,48,7,7,34,1,5.333333333
1,0,0,0,1,0,1,4,0,1,551,248,294,23,77,115,9,9,31,5,2.674418605
1,0,0,1,0,1,1,1,0,9,918,483,528,10,66,93,9,5,32,2,3.72
0,0,1,0,0,1,1,4,0,7,511,404,464,2,57,131,25,25,31,7,14.55555556
1,0,1,0,0,1,1,4,0,6,760,349,396,19,37,56,10,10,36,4,8
1,0,0,0,1,0,1,2,1,4,924,358,384,10,39,107,15,15,28,1,5.944444444
0,1,0,0,0,1,1,2,1,8,779,383,430,9,21,32,11,6,28,3,6.4
1,0,0,0,1,1,1,1,1,2,381,222,269,35,47,75,25,10,20,9,12.5
1,1,0,0,0,1,1,1,0,8,2540,270,332,19,51,35,5,3,30,3,2.916666667
1,0,0,0,1,1,1,4,1,5,3011,307,384,18,56,103,15,5,30,4,7.923076923
0,0,0,1,0,1,1,4,0,8,999,445,582,0,24,45,25,25,31,9,15
1,0,0,0,1,1,1,4,0,8,2175,185,313,0,27,30,15,15,37,12,15
1,0,0,1,0,1,1,1,0,8,1076,484,464,14,75,125,10,7,29,12,6.25
1,0,1,0,0,0,1,2,0,8,1000,403,438,16,64,72,9,3,22,44,5.142857143
0,0,1,0,0,1,1,1,1,6,468,406,382,8,65,140,20,10,35,1,11.66666667
1,0,1,0,0,1,1,5,1,8,727,386,407,8,76,211,21,10,31,8,13.1875
1,0,0,0,1,1,2,5,0,8,933,515,541,6,29,40,11,10,30,7,6.666666667
0,0,1,0,0,1,1,7,1,0,626,276,331,22,63,137,25,25,29,10,12.45454546
1,0,1,0,0,1,1,5,1,2,1007,502,515,8,82,95,5,5,37,9,3.518518519
0,0,0,0,1,1,1,4,1,7,4216,602,674,2,48,126,17,15,32,8,12.6
0,1,0,0,0,1,1,4,1,8,851,310,362,16,15,25,25,25,35,5,25
1,0,1,0,0,1,2,5,1,9,1186,547,628,2,51,78,10,7,29,37,5.2
1,0,0,0,1,0,1,5,1,8,3781,611,666,10,45,290,50,50,33,9,32.22222222
1,0,0,0,1,1,1,2,0,3,1137,324,352,20,120,389,30,26,37,4,22.88235294
0,0,0,0,1,1,1,4,0,8,1938,422,530,7,47,142,13,11,31,3,10.92307692
1,0,0,0,1,0,1,2,0,0,900,240,326,17,48,250,25,20,37,3,19.23076923
1,1,0,0,0,1,1,4,1,9,856,518,563,1,69,174,15,13,37,5,9.666666667
1,0,0,1,0,0,1,6,1,2,792,294,285,24,134,265,6,5,18,2,4.416666667
0,0,0,0,1,0,1,2,0,8,406,308,327,12,27,30,15,15,36,4,10
1,1,0,0,0,0,1,5,1,1,647,288,320,19,75,119,20,20,36,6,8.5
0,0,0,0,1,1,1,2,1,8,937,388,490,6,34,39,7,5,33,23,5.571428571
1,0,0,1,0,0,1,1,0,3,362,189,213,40,122,189,10,7,18,5,6.3
1,0,0,0,1,1,1,4,1,6,1022,463,519,11,58,120,13,11,34,10,8.571428571
0,0,0,0,1,1,1,5,1,8,955,508,520,1,44,82,15,10,31,5,6.307692308
1,0,0,1,0,0,1,7,1,1,426,200,245,35,66,93,12,12,29,9,7.75
1,0,0,0,1,1,1,7,0,8,2512,638,718,4,37,67,9,9,29,9,6.7
0,1,0,0,0,1,1,4,1,7,756,435,462,5,71,110,10,8,28,8,5.789473684
0,1,0,0,0,1,1,5,1,9,3547,927,1047,0,58,104,16,15,37,15,11.55555556
1,1,0,0,0,1,1,4,1,8,454,193,260,39,25,50,20,20,30,7,16.66666667
0,0,1,0,0,0,1,2,1,0,641,164,228,44,86,216,15,10,26,8,8.307692308
1,0,1,0,0,1,1,6,1,9,904,495,571,5,87,203,5,2,28,3,3.222222222
1,1,0,0,0,0,1,2,1,8,411,249,300,15,27,29,10,10,29,4,4.833333333
0,0,0,0,1,1,1,4,1,8,3757,631,606,11,34,63,12,11,35,4,10.5
1,0,0,0,1,0,1,5,0,7,2098,510,523,7,56,73,15,15,37,6,7.3
0,0,0,0,1,1,1,7,1,8,663,315,350,13,24,30,15,15,30,4,10
0,0,0,0,1,1,1,4,1,8,1265,588,673,7,44,131,36,36,31,10,18.71428571
0,0,0,0,1,1,3,7,1,2,897,285,334,16,57,162,20,20,29,15,14.72727273
1,0,1,0,0,1,1,5,1,6,928,399,433,8,97,372,20,12,29,4,10.33333333
0,1,0,0,0,1,1,4,1,8,661,252,317,27,28,43,11,10,34,4,8.6
0,0,0,0,1,1,1,4,1,8,2742,667,674,6,26,32,7,7,31,5,5.333333333
0,0,0,1,0,1,1,4,1,9,550,187,203,36,87,300,25,10,28,0,16.66666667
1,0,0,0,1,1,1,4,0,8,731,278,341,17,25,36,11,10,32,6,9
1,0,0,0,1,1,1,7,1,8,2976,670,744,0,77,133,20,20,36,18,12.09090909
0,0,0,1,0,0,1,1,0,8,408,234,285,28,40,125,20,10,29,5,13.88888889
0,0,1,0,0,1,1,1,1,9,732,544,534,10,51,136,12,4,31,4,6.8
1,1,0,0,0,0,1,2,1,8,439,293,292,22,35,48,10,7,29,3,6.857142857
0,0,0,0,1,1,1,3,1,8,1517,546,569,2,40,31,20,20,37,1,7.75
0,0,0,1,0,1,1,5,1,4,882,315,374,21,46,111,22,9,36,5,9.25
